{"type":"FeatureCollection","features":[{"type":"Feature","id":0,"geometry":{"type":"Point","coordinates":[94.191889000000003,30.411722000000001]},"properties":{"FID":0,"新编号":"NSL-001","市_州_":"林芝","县_市_":"波密","乡镇":"八盖乡","名称":"八盖乡303省道4#泥石流","位置":" ","日期":" ","具体时":" ","经度_小":94.191889000000003,"纬度_小":30.411722000000001,"类型":"沟谷型","灾害类":"冰川型泥石流","灾害性":" ","F_级水":"雅鲁藏布","F_级水_1":"易贡藏布","F_级水_2":" ","流域面":5.9000000000000004,"冰川平":28.590384,"冰川面":980734,"F21":" ","冰川_1":0.16622600000000001,"流量_m":143.6962,"一次固":5.1399549999999996,"规模等":"大型","地形地":"峡谷","相对河":"左岸","主沟长":4.5800000000000001,"沟口高":2911,"最大高":5900,"高差_m":2989,"平均比":652.62008700000001,"泥石流":"无","堆积扇":0,"堆积_1":0,"堆积_12":0,"堆积扇_":0,"是否堵":" ","受灾人":" ","死亡_人":" ","失踪_人":" ","受伤_人":" ","直接经":0,"威胁人":0,"威胁财":0,"备注":" ","资料来":"扎木弄沟地质灾害调查与危险性评价","tem":8.7600899999999999,"slope_slop":3.76051,"slope":38.909700000000001,"rainfall":667.14599999999996,"ndvi":0.50456699999999999,"lith":3,"dem_final":2910,"aspect":152.346,"hd":189.71100000000001}},{"type":"Feature","id":1,"geometry":{"type":"Point","coordinates":[94.196888999999999,30.409027999999999]},"properties":{"FID":1,"新编号":"NSL-002","市_州_":"林芝","县_市_":"波密","乡镇":"八盖乡","名称":"八盖乡303省道5#冰川型泥石流","位置":" ","日期":" ","具体时":" ","经度_小":94.196888999999999,"纬度_小":30.409027999999999,"类型":"沟谷型","灾害类":"冰川型泥石流","灾害性":" ","F_级水":"雅鲁藏布","F_级水_1":"易贡藏布","F_级水_2":" ","流域面":4.4800000000000004,"冰川平":27.5,"冰川面":499172,"F21":" ","冰川_1":0.11142199999999999,"流量_m":113.629,"一次固":4.6469719999999999,"规模等":"大型","地形地":"峡谷","相对河":"左岸","主沟长":3.6499999999999999,"沟口高":2911,"最大高":5451,"高差_m":2540,"平均比":695.89041099999997,"泥石流":"无","堆积扇":0,"堆积_1":0,"堆积_12":0,"堆积扇_":0,"是否堵":" ","受灾人":" ","死亡_人":" ","失踪_人":" ","受伤_人":" ","直接经":0,"威胁人":0,"威胁财":0,"备注":" ","资料来":"扎木弄沟地质灾害调查与危险性评价","tem":8.8012099999999993,"slope_slop":2.6576,"slope":33.920099999999998,"rainfall":685.36199999999997,"ndvi":0.28098400000000001,"lith":3,"dem_final":2959,"aspect":146.39500000000001,"hd":154.06299999999999}},{"type":"Feature","id":2,"geometry":{"type":"Point","coordinates":[94.219888999999995,30.410056000000001]},"properties":{"FID":2,"新编号":"NSL-003","市_州_":"林芝","县_市_":"波密","乡镇":"八盖乡","名称":"八盖乡303省道8#泥石流","位置":" ","日期":" ","具体时":" ","经度_小":94.219888999999995,"纬度_小":30.410056000000001,"类型":"沟谷型","灾害类":"冰川型泥石流","灾害性":" ","F_级水":"雅鲁藏布","F_级水_1":"易贡藏布","F_级水_2":" ","流域面":11.9,"冰川平":33.299999999999997,"冰川面":1014739.5,"F21":" ","冰川_1":0.085272000000000001,"流量_m":236.11600000000001,"一次固":13.79069,"规模等":"特大型","地形地":"峡谷","相对河":"右岸","主沟长":6.0999999999999996,"沟口高":2975,"最大高":5394,"高差_m":2419,"平均比":396.55737699999997,"泥石流":"无","堆积扇":0,"堆积_1":0,"堆积_12":0,"堆积扇_":0,"是否堵":" ","受灾人":" ","死亡_人":" ","失踪_人":" ","受伤_人":" ","直接经":0,"威胁人":0,"威胁财":0,"备注":" ","资料来":"扎木弄沟地质灾害调查与危险性评价","tem":8.7418999999999993,"slope_slop":5.5479099999999999,"slope":35.083799999999997,"rainfall":650.81799999999998,"ndvi":0.60192500000000004,"lith":3,"dem_final":3001,"aspect":143.36699999999999,"hd":133.15100000000001}},{"type":"Feature","id":3,"geometry":{"type":"Point","coordinates":[94.268816999999999,30.418268999999999]},"properties":{"FID":3,"新编号":"NSL-004","市_州_":"林芝","县_市_":"波密","乡镇":"八盖乡","名称":"八盖乡日卡村1#泥石流","位置":" ","日期":" ","具体时":" ","经度_小":94.268816999999999,"纬度_小":30.418268999999999,"类型":"沟谷型","灾害类":"冰川型泥石流","灾害性":" ","F_级水":"雅鲁藏布","F_级水_1":"易贡藏布","F_级水_2":" ","流域面":15.300000000000001,"冰川平":26.793776000000001,"冰川面":2297637,"F21":" ","冰川_1":0.150172,"流量_m":333.03680000000003,"一次固":19.048639999999999,"规模等":"特大型","地形地":"峡谷","相对河":"左岸","主沟长":5.8300000000000001,"沟口高":2904,"最大高":4789,"高差_m":1885,"平均比":323.32761599999998,"泥石流":"无","堆积扇":0,"堆积_1":0,"堆积_12":0,"堆积扇_":0,"是否堵":" ","受灾人":" ","死亡_人":" ","失踪_人":" ","受伤_人":" ","直接经":0,"威胁人":0,"威胁财":0,"备注":" ","资料来":"扎木弄沟地质灾害调查与危险性评价","tem":8.7971699999999995,"slope_slop":2.92143,"slope":29.209399999999999,"rainfall":684.50300000000004,"ndvi":0.29901699999999998,"lith":3,"dem_final":3121,"aspect":168.465,"hd":133.749}},{"type":"Feature","id":4,"geometry":{"type":"Point","coordinates":[94.292083000000005,30.400572]},"properties":{"FID":4,"新编号":"NSL-005","市_州_":"林芝","县_市_":"波密","乡镇":"八盖乡","名称":"八盖乡日卡村3#小冲沟泥石流","位置":" ","日期":" ","具体时":" ","经度_小":94.292083000000005,"纬度_小":30.400572,"类型":"沟谷型","灾害类":"冰川型泥石流","灾害性":" ","F_级水":"雅鲁藏布","F_级水_1":"易贡藏布","F_级水_2":" ","流域面":7,"冰川平":28.413388000000001,"冰川面":735616,"F21":" ","冰川_1":0.105088,"流量_m":135.00829999999999,"一次固":4.8291909999999998,"规模等":"大型","地形地":"峡谷","相对河":"右岸","主沟长":5.25,"沟口高":2842,"最大高":5732,"高差_m":2890,"平均比":550.47618999999997,"泥石流":"无","堆积扇":0,"堆积_1":0,"堆积_12":0,"堆积扇_":0,"是否堵":" ","受灾人":" ","死亡_人":" ","失踪_人":" ","受伤_人":" ","直接经":0,"威胁人":0,"威胁财":0,"备注":" ","资料来":"扎木弄沟地质灾害调查与危险性评价","tem":8.6516199999999994,"slope_slop":2.1099600000000001,"slope":28.6404,"rainfall":686.01099999999997,"ndvi":0.205287,"lith":3,"dem_final":2925,"aspect":140.34800000000001,"hd":130.48500000000001}},{"type":"Feature","id":5,"geometry":{"type":"Point","coordinates":[94.341667000000001,30.388888999999999]},"properties":{"FID":5,"新编号":"NSL-006","市_州_":"林芝","县_市_":"波密","乡镇":"八盖乡","名称":"扎西多弄","位置":"西藏自治区林芝地区波密县八盖乡","日期":" ","具体时":" ","经度_小":94.341667000000001,"纬度_小":30.388888999999999,"类型":"沟谷型","灾害类":"冰川型泥石流","灾害性":" ","F_级水":"雅鲁藏布","F_级水_1":"易贡藏布","F_级水_2":" ","流域面":28,"冰川平":36.950000000000003,"冰川面":2534555,"F21":" ","冰川_1":0.090520000000000003,"流量_m":569.54909999999995,"一次固":32.920850000000002,"规模等":"特大型","地形地":"峡谷","相对河":"左岸","主沟长":8.2699999999999996,"沟口高":2825,"最大高":5905,"高差_m":3080,"平均比":372.43047200000001,"泥石流":"无","堆积扇":0,"堆积_1":0,"堆积_12":0,"堆积扇_":0,"是否堵":" ","受灾人":" ","死亡_人":" ","失踪_人":" ","受伤_人":" ","直接经":62,"威胁人":76,"威胁财":80,"备注":" ","资料来":"波密县","tem":8.3480500000000006,"slope_slop":3.3527999999999998,"slope":30.0427,"rainfall":660.61800000000005,"ndvi":0.66392200000000001,"lith":3,"dem_final":2830,"aspect":144.28,"hd":139.25200000000001}},{"type":"Feature","id":6,"geometry":{"type":"Point","coordinates":[94.387638999999993,30.388278]},"properties":{"FID":6,"新编号":"NSL-007","市_州_":"林芝","县_市_":"波密","乡镇":"八盖乡","名称":"八盖乡木玉村泥石流沟","位置":" ","日期":" ","具体时":" ","经度_小":94.387638999999993,"纬度_小":30.388278,"类型":"沟谷型","灾害类":"冰川型泥石流","灾害性":" ","F_级水":"雅鲁藏布","F_级水_1":"易贡藏布","F_级水_2":" ","流域面":12.1,"冰川平":34.200000000000003,"冰川面":901835,"F21":" ","冰川_1":0.074532000000000001,"流量_m":240.33920000000001,"一次固":13.1652,"规模等":"特大型","地形地":"峡谷","相对河":"左岸","主沟长":5.5700000000000003,"沟口高":2766,"最大高":5052,"高差_m":2286,"平均比":410.41292600000003,"泥石流":"有","堆积扇":715.38999999999999,"堆积_1":574.40999999999997,"堆积_12":230756,"堆积扇_":0.019071000000000001,"是否堵":" ","受灾人":" ","死亡_人":" ","失踪_人":" ","受伤_人":" ","直接经":0,"威胁人":0,"威胁财":0,"备注":" ","资料来":"扎木弄沟地质灾害调查与危险性评价","tem":8.2941400000000005,"slope_slop":2.7560099999999998,"slope":31.432500000000001,"rainfall":690.81100000000004,"ndvi":0.26575900000000002,"lith":2,"dem_final":2854,"aspect":194.05199999999999,"hd":143.857}},{"type":"Feature","id":7,"geometry":{"type":"Point","coordinates":[94.388025999999996,30.379396]},"properties":{"FID":7,"新编号":"NSL-008","市_州_":"林芝","县_市_":"波密","乡镇":"八盖乡","名称":"木玉弄巴","位置":"西藏自治区林芝地区波密县八盖乡木玉村","日期":" ","具体时":" ","经度_小":94.388025999999996,"纬度_小":30.379396,"类型":"沟谷型","灾害类":"冰川型泥石流","灾害性":" ","F_级水":"雅鲁藏布","F_级水_1":"易贡藏布","F_级水_2":" ","流域面":5.9000000000000004,"冰川平":31.600000000000001,"冰川面":1386889,"F21":" ","冰川_1":0.235066,"流量_m":161.88759999999999,"一次固":6.042421,"规模等":"大型","地形地":"峡谷","相对河":"左岸","主沟长":5.0999999999999996,"沟口高":2781,"最大高":5235,"高差_m":2454,"平均比":481.17647099999999,"泥石流":"无","堆积扇":0,"堆积_1":0,"堆积_12":0,"堆积扇_":0,"是否堵":" ","受灾人":" ","死亡_人":" ","失踪_人":" ","受伤_人":" ","直接经":47,"威胁人":128,"威胁财":95,"备注":" ","资料来":"波密县","tem":8.2901000000000007,"slope_slop":3.0785399999999998,"slope":31.970700000000001,"rainfall":679.14499999999998,"ndvi":0.26718700000000001,"lith":3,"dem_final":2863,"aspect":127.59399999999999,"hd":147.61799999999999}},{"type":"Feature","id":8,"geometry":{"type":"Point","coordinates":[94.429636000000002,30.356166999999999]},"properties":{"FID":8,"新编号":"NSL-009","市_州_":"林芝","县_市_":"波密","乡镇":"八盖乡","名称":"八盖乡303省道11#冰川型泥石流","位置":" ","日期":" ","具体时":" ","经度_小":94.429636000000002,"纬度_小":30.356166999999999,"类型":"沟谷型","灾害类":"冰川型泥石流","灾害性":" ","F_级水":"雅鲁藏布","F_级水_1":"易贡藏布","F_级水_2":" ","流域面":74.900000000000006,"冰川平":31.155556000000001,"冰川面":8348501,"F21":" ","冰川_1":0.11146200000000001,"流量_m":1175.4400000000001,"一次固":89.641859999999994,"规模等":"特大型","地形地":"峡谷","相对河":"左岸","主沟长":14.5,"沟口高":2821,"最大高":6128,"高差_m":3307,"平均比":228.06896599999999,"泥石流":"有","堆积扇":428.67000000000002,"堆积_1":271.23000000000002,"堆积_12":224710,"堆积扇_":0.0030000000000000001,"是否堵":" ","受灾人":" ","死亡_人":" ","失踪_人":" ","受伤_人":" ","直接经":0,"威胁人":0,"威胁财":0,"备注":" ","资料来":"扎木弄沟地质灾害调查与危险性评价","tem":8.2637,"slope_slop":2.5348000000000002,"slope":30.263000000000002,"rainfall":665.55799999999999,"ndvi":0.55582399999999998,"lith":3,"dem_final":2759,"aspect":216.32400000000001,"hd":129.85499999999999}},{"type":"Feature","id":9,"geometry":{"type":"Point","coordinates":[94.431250000000006,30.345056]},"properties":{"FID":9,"新编号":"NSL-010","市_州_":"林芝","县_市_":"波密","乡镇":"八盖乡","名称":"八盖乡303省道12#冰川型泥石流","位置":" ","日期":" ","具体时":" ","经度_小":94.431250000000006,"纬度_小":30.345056,"类型":"沟谷型","灾害类":"冰川型泥石流","灾害性":" ","F_级水":"雅鲁藏布","F_级水_1":"易贡藏布","F_级水_2":" ","流域面":4.8099999999999996,"冰川平":26.600000000000001,"冰川面":511676,"F21":" ","冰川_1":0.106378,"流量_m":102.8222,"一次固":3.677908,"规模等":"大型","地形地":"峡谷","相对河":"右岸","主沟长":3.75,"沟口高":2763,"最大高":4852,"高差_m":2089,"平均比":557.06666700000005,"泥石流":"有","堆积扇":200.71000000000001,"堆积_1":63.390000000000001,"堆积_12":60600,"堆积扇_":0.012599000000000001,"是否堵":" ","受灾人":" ","死亡_人":" ","失踪_人":" ","受伤_人":" ","直接经":0,"威胁人":0,"威胁财":0,"备注":" ","资料来":"扎木弄沟地质灾害调查与危险性评价","tem":8.2936800000000002,"slope_slop":3.1304599999999998,"slope":31.345600000000001,"rainfall":678.00699999999995,"ndvi":0.28550700000000001,"lith":2,"dem_final":2954,"aspect":127.559,"hd":149.58699999999999}},{"type":"Feature","id":10,"geometry":{"type":"Point","coordinates":[94.454668999999996,30.343028]},"properties":{"FID":10,"新编号":"NSL-011","市_州_":"林芝","县_市_":"波密","乡镇":"八盖乡","名称":"八盖乡303省道对岸13#冰川型泥石流","位置":" ","日期":" ","具体时":" ","经度_小":94.454668999999996,"纬度_小":30.343028,"类型":"沟谷型","灾害类":"冰川型泥石流","灾害性":" ","F_级水":"雅鲁藏布","F_级水_1":"易贡藏布","F_级水_2":" ","流域面":48.5,"冰川平":35.828570999999997,"冰川面":5627314,"F21":" ","冰川_1":0.11602700000000001,"流量_m":812.31719999999996,"一次固":46.953229999999998,"规模等":"特大型","地形地":"峡谷","相对河":"左岸","主沟长":12.9,"沟口高":2767,"最大高":5498,"高差_m":2731,"平均比":211.70542599999999,"泥石流":"有","堆积扇":502.44999999999999,"堆积_1":891.74000000000001,"堆积_12":376408,"堆积扇_":0.0077609999999999997,"是否堵":" ","受灾人":" ","死亡_人":" ","失踪_人":" ","受伤_人":" ","直接经":0,"威胁人":0,"威胁财":0,"备注":" ","资料来":"扎木弄沟地质灾害调查与危险性评价","tem":8.26004,"slope_slop":1.91456,"slope":26.798500000000001,"rainfall":678.27300000000002,"ndvi":0.25112600000000002,"lith":3,"dem_final":2761,"aspect":215.74000000000001,"hd":118.05200000000001}},{"type":"Feature","id":11,"geometry":{"type":"Point","coordinates":[94.472685999999996,30.347306]},"properties":{"FID":11,"新编号":"NSL-012","市_州_":"林芝","县_市_":"波密","乡镇":"八盖乡","名称":"八盖乡303省道14#泥石流沟","位置":" ","日期":" ","具体时":" ","经度_小":94.472685999999996,"纬度_小":30.347306,"类型":"沟谷型","灾害类":"冰川型泥石流","灾害性":" ","F_级水":"雅鲁藏布","F_级水_1":"易贡藏布","F_级水_2":" ","流域面":12.5,"冰川平":28.699999999999999,"冰川面":1517776,"F21":" ","冰川_1":0.121422,"流量_m":257.60750000000002,"一次固":14.73433,"规模等":"特大型","地形地":"峡谷","相对河":"左岸","主沟长":6.2300000000000004,"沟口高":2707,"最大高":5560,"高差_m":2853,"平均比":457.945425,"泥石流":"无","堆积扇":0,"堆积_1":0,"堆积_12":0,"堆积扇_":0,"是否堵":" ","受灾人":" ","死亡_人":" ","失踪_人":" ","受伤_人":" ","直接经":0,"威胁人":0,"威胁财":0,"备注":" ","资料来":"扎木弄沟地质灾害调查与危险性评价","tem":8.2479899999999997,"slope_slop":2.5071599999999998,"slope":29.8203,"rainfall":683.80899999999997,"ndvi":0.28988700000000001,"lith":2,"dem_final":2733,"aspect":161.02000000000001,"hd":139.10400000000001}},{"type":"Feature","id":12,"geometry":{"type":"Point","coordinates":[94.580028999999996,30.308671]},"properties":{"FID":12,"新编号":"NSL-013","市_州_":"林芝","县_市_":"波密","乡镇":"八盖乡","名称":"八盖乡贡巴隆曲泥石流","位置":" ","日期":" ","具体时":" ","经度_小":94.580028999999996,"纬度_小":30.308671,"类型":"沟谷型","灾害类":"冰川型泥石流","灾害性":" ","F_级水":"雅鲁藏布","F_级水_1":"易贡藏布","F_级水_2":" ","流域面":15.199999999999999,"冰川平":28.066666999999999,"冰川面":1229832,"F21":" ","冰川_1":0.080909999999999996,"流量_m":242.24600000000001,"一次固":12.118499999999999,"规模等":"特大型","地形地":"峡谷","相对河":"右岸","主沟长":6.9800000000000004,"沟口高":2634,"最大高":5571,"高差_m":2937,"平均比":420.773639,"泥石流":"有","堆积扇":1146.3499999999999,"堆积_1":1172,"堆积_12":594625,"堆积扇_":0.039120000000000002,"是否堵":" ","受灾人":" ","死亡_人":" ","失踪_人":" ","受伤_人":" ","直接经":0,"威胁人":0,"威胁财":0,"备注":" ","资料来":"扎木弄沟地质灾害调查与危险性评价","tem":8.1364000000000001,"slope_slop":3.0021599999999999,"slope":30.5381,"rainfall":687.79399999999998,"ndvi":0.62023600000000001,"lith":3,"dem_final":2616,"aspect":146.536,"hd":135.083}},{"type":"Feature","id":13,"geometry":{"type":"Point","coordinates":[94.609862000000007,30.349765000000001]},"properties":{"FID":13,"新编号":"NSL-014","市_州_":"林芝","县_市_":"波密","乡镇":"八盖乡","名称":"俄村沟","位置":"西藏自治区林芝地区波密县八盖乡俄村","日期":" ","具体时":" ","经度_小":94.609862000000007,"纬度_小":30.349765000000001,"类型":"沟谷型","灾害类":"冰川型泥石流","灾害性":" ","F_级水":"雅鲁藏布","F_级水_1":"易贡藏布","F_级水_2":" ","流域面":7.7999999999999998,"冰川平":35.200000000000003,"冰川面":425049,"F21":" ","冰川_1":0.054493,"流量_m":135.9194,"一次固":4.4233599999999997,"规模等":"大型","地形地":"峡谷","相对河":"左岸","主沟长":5,"沟口高":2731,"最大高":4702,"高差_m":1971,"平均比":394.19999999999999,"泥石流":"无","堆积扇":0,"堆积_1":0,"堆积_12":0,"堆积扇_":0,"是否堵":" ","受灾人":" ","死亡_人":" ","失踪_人":" ","受伤_人":" ","直接经":16,"威胁人":0,"威胁财":45,"备注":" ","资料来":"波密县","tem":7.8070500000000003,"slope_slop":2.4533299999999998,"slope":27.646899999999999,"rainfall":687.27099999999996,"ndvi":0.29099700000000001,"lith":2,"dem_final":2772,"aspect":226.84800000000001,"hd":118.64400000000001}},{"type":"Feature","id":14,"geometry":{"type":"Point","coordinates":[94.730723999999995,30.297383]},"properties":{"FID":14,"新编号":"NSL-015","市_州_":"林芝","县_市_":"波密","乡镇":"易贡乡","名称":"暴布沟","位置":"西藏自治区林芝地区波密县易贡乡","日期":" ","具体时":" ","经度_小":94.730723999999995,"纬度_小":30.297383,"类型":"沟谷型","灾害类":"暴雨型泥石流","灾害性":" ","F_级水":"雅鲁藏布","F_级水_1":"易贡藏布","F_级水_2":" ","流域面":2.8799999999999999,"冰川平":0,"冰川面":0,"F21":" ","冰川_1":0,"流量_m":101.2448,"一次固":2.968334,"规模等":"大型","地形地":"峡谷","相对河":"左岸","主沟长":2.3999999999999999,"沟口高":2375,"最大高":3944,"高差_m":1569,"平均比":653.75,"泥石流":"无","堆积扇":0,"堆积_1":0,"堆积_12":0,"堆积扇_":0,"是否堵":" ","受灾人":" ","死亡_人":" ","失踪_人":" ","受伤_人":" ","直接经":5,"威胁人":0,"威胁财":5,"备注":" ","资料来":"波密县","tem":7.4886499999999998,"slope_slop":3.15204,"slope":31.272200000000002,"rainfall":701.09799999999996,"ndvi":0.61638999999999999,"lith":3,"dem_final":2710,"aspect":178.91,"hd":148.84}},{"type":"Feature","id":15,"geometry":{"type":"Point","coordinates":[94.809915000000004,30.256595999999998]},"properties":{"FID":15,"新编号":"NSL-016","市_州_":"林芝","县_市_":"波密","乡镇":"易贡乡","名称":"甲倾布","位置":"　","日期":"　","具体时":"　","经度_小":94.809915000000004,"纬度_小":30.256595999999998,"类型":"沟谷型","灾害类":"冰川型泥石流","灾害性":"　","F_级水":"雅鲁藏布","F_级水_1":"易贡藏布","F_级水_2":"　","流域面":15.4,"冰川平":32.350000000000001,"冰川面":2648744.6000000001,"F21":" ","冰川_1":0.17299999999999999,"流量_m":417.00740000000002,"一次固":19.852219999999999,"规模等":"特大型","地形地":"过渡段","相对河":"右岸","主沟长":8.5700000000000003,"沟口高":2342,"最大高":5643,"高差_m":3301,"平均比":385.18086299999999,"泥石流":"有","堆积扇":1322.27,"堆积_1":1627.6300000000001,"堆积_12":1242279,"堆积扇_":0.081000000000000003,"是否堵":"　","受灾人":"　","死亡_人":"　","失踪_人":"　","受伤_人":"　","直接经":0,"威胁人":0,"威胁财":0,"备注":"　","资料来":"扎木弄沟地质灾害调查与危险性评价","tem":7.1371000000000002,"slope_slop":1.90703,"slope":15.4598,"rainfall":776.37699999999995,"ndvi":0.52819000000000005,"lith":3,"dem_final":2226,"aspect":100.44199999999999,"hd":61.488}},{"type":"Feature","id":16,"geometry":{"type":"Point","coordinates":[94.796672999999998,30.264061000000002]},"properties":{"FID":16,"新编号":"NSL-017","市_州_":"林芝","县_市_":"波密","乡镇":"易贡乡","名称":"康波弄巴","位置":" ","日期":" ","具体时":" ","经度_小":94.796672999999998,"纬度_小":30.264061000000002,"类型":"沟谷型","灾害类":"冰川型泥石流","灾害性":" ","F_级水":"雅鲁藏布","F_级水_1":"易贡藏布","F_级水_2":" ","流域面":45.5,"冰川平":41.950000000000003,"冰川面":3107535,"F21":" ","冰川_1":0.068296999999999997,"流量_m":1094.0219999999999,"一次固":61.912889999999997,"规模等":"特大型","地形地":"过渡段","相对河":"右岸","主沟长":13,"沟口高":2252,"最大高":5688,"高差_m":3436,"平均比":264.30769199999997,"泥石流":"有","堆积扇":1066.7,"堆积_1":1465.6400000000001,"堆积_12":1912525,"堆积扇_":0.042034000000000002,"是否堵":" ","受灾人":" ","死亡_人":" ","失踪_人":" ","受伤_人":" ","直接经":0,"威胁人":0,"威胁财":0,"备注":" ","资料来":"扎木弄沟地质灾害调查与危险性评价","tem":7.4296699999999998,"slope_slop":2.93615,"slope":30.496200000000002,"rainfall":700.06500000000005,"ndvi":0.394729,"lith":3,"dem_final":2230,"aspect":186.00899999999999,"hd":142.334}},{"type":"Feature","id":17,"geometry":{"type":"Point","coordinates":[94.838125000000005,30.259169]},"properties":{"FID":17,"新编号":"NSL-018","市_州_":"林芝","县_市_":"波密","乡镇":"易贡乡","名称":"马吉通村泥石流沟","位置":" ","日期":" ","具体时":" ","经度_小":94.838125000000005,"纬度_小":30.259169,"类型":"沟谷型","灾害类":"冰川型泥石流","灾害性":" ","F_级水":"雅鲁藏布","F_级水_1":"易贡藏布","F_级水_2":" ","流域面":16.699999999999999,"冰川平":32,"冰川面":2415775,"F21":" ","冰川_1":0.14465700000000001,"流量_m":479.04059999999998,"一次固":23.674569999999999,"规模等":"特大型","地形地":"过渡段","相对河":"左岸","主沟长":6.7999999999999998,"沟口高":2396,"最大高":4620,"高差_m":2224,"平均比":327.05882400000002,"泥石流":"有","堆积扇":459,"堆积_1":1330,"堆积_12":607417,"堆积扇_":0.036372000000000002,"是否堵":" ","受灾人":" ","死亡_人":" ","失踪_人":" ","受伤_人":" ","直接经":0,"威胁人":0,"威胁财":0,"备注":" ","资料来":" ","tem":6.8987800000000004,"slope_slop":0.65312899999999996,"slope":3.4106000000000001,"rainfall":838.52300000000002,"ndvi":0.25337500000000002,"lith":3,"dem_final":2220,"aspect":144.178,"hd":10.3125}},{"type":"Feature","id":18,"geometry":{"type":"Point","coordinates":[94.860224000000002,30.259540000000001]},"properties":{"FID":18,"新编号":"NSL-019","市_州_":"林芝","县_市_":"波密","乡镇":"易贡乡","名称":"倾纳麻曲","位置":"西藏自治区林芝地区波密县易贡乡沙玛村","日期":" ","具体时":" ","经度_小":94.860224000000002,"纬度_小":30.259540000000001,"类型":"沟谷型","灾害类":"冰川型泥石流","灾害性":" ","F_级水":"雅鲁藏布","F_级水_1":"易贡藏布","F_级水_2":" ","流域面":19,"冰川平":23.699999999999999,"冰川面":3255156.2000000002,"F21":" ","冰川_1":0.171324,"流量_m":519.44889999999998,"一次固":30.653300000000002,"规模等":"特大型","地形地":"过渡段","相对河":"左岸","主沟长":8.3399999999999999,"沟口高":2273,"最大高":4694,"高差_m":2421,"平均比":290.28777000000002,"泥石流":"有","堆积扇":896.74000000000001,"堆积_1":932.46000000000004,"堆积_12":471678,"堆积扇_":0.024825,"是否堵":" ","受灾人":" ","死亡_人":" ","失踪_人":" ","受伤_人":" ","直接经":53,"威胁人":40,"威胁财":85,"备注":" ","资料来":"波密县","tem":6.7923600000000004,"slope_slop":0.57090399999999997,"slope":3.1290800000000001,"rainfall":839.01199999999994,"ndvi":0.17582500000000001,"lith":3,"dem_final":2215,"aspect":51.243899999999996,"hd":11.449}},{"type":"Feature","id":19,"geometry":{"type":"Point","coordinates":[94.883332999999993,30.256944000000001]},"properties":{"FID":19,"新编号":"NSL-020","市_州_":"林芝","县_市_":"波密","乡镇":"易贡乡","名称":"雀粘弄巴","位置":"西藏自治区林芝地区波密县易贡乡拉嘎村","日期":" ","具体时":" ","经度_小":94.883332999999993,"纬度_小":30.256944000000001,"类型":"沟谷型","灾害类":"冰川型泥石流","灾害性":" ","F_级水":"雅鲁藏布","F_级水_1":"易贡藏布","F_级水_2":" ","流域面":57.399999999999999,"冰川平":34.542856999999998,"冰川面":6918505,"F21":" ","冰川_1":0.120531,"流量_m":1530.433,"一次固":114.2462,"规模等":"特大型","地形地":"过渡段","相对河":"左岸","主沟长":12.300000000000001,"沟口高":2361,"最大高":6128,"高差_m":3767,"平均比":306.26016299999998,"泥石流":"有","堆积扇":1472.3099999999999,"堆积_1":1685.1300000000001,"堆积_12":1190087,"堆积扇_":0.020733000000000001,"是否堵":" ","受灾人":" ","死亡_人":" ","失踪_人":" ","受伤_人":" ","直接经":110,"威胁人":0,"威胁财":150,"备注":" ","资料来":"波密县","tem":6.8019100000000003,"slope_slop":1.7164200000000001,"slope":16.374700000000001,"rainfall":794.755,"ndvi":0.38633600000000001,"lith":3,"dem_final":2289,"aspect":103.221,"hd":71.306200000000004}},{"type":"Feature","id":20,"geometry":{"type":"Point","coordinates":[94.849046999999999,30.248290000000001]},"properties":{"FID":20,"新编号":"NSL-021","市_州_":"林芝","县_市_":"波密","乡镇":"易贡乡","名称":"索白曲","位置":" ","日期":" ","具体时":" ","经度_小":94.849046999999999,"纬度_小":30.248290000000001,"类型":"沟谷型","灾害类":"冰川型泥石流","灾害性":" ","F_级水":"雅鲁藏布","F_级水_1":"易贡藏布","F_级水_2":" ","流域面":88,"冰川平":31.780000000000001,"冰川面":15371731.6,"F21":" ","冰川_1":0.174679,"流量_m":1755.502,"一次固":142.1704,"规模等":"特大型","地形地":"过渡段","相对河":"右岸","主沟长":18.699999999999999,"沟口高":2468,"最大高":5525,"高差_m":3057,"平均比":163.47593599999999,"泥石流":"有","堆积扇":935.38,"堆积_1":1215.8,"堆积_12":788940,"堆积扇_":0.0089650000000000007,"是否堵":" ","受灾人":" ","死亡_人":" ","失踪_人":" ","受伤_人":" ","直接经":0,"威胁人":0,"威胁财":0,"备注":" ","资料来":"扎木弄沟地质灾害调查与危险性评价","tem":7.0555000000000003,"slope_slop":3.2941400000000001,"slope":32.503900000000002,"rainfall":706.65700000000004,"ndvi":0.44083299999999997,"lith":3,"dem_final":2219,"aspect":218.65600000000001,"hd":150.392}},{"type":"Feature","id":21,"geometry":{"type":"Point","coordinates":[94.888889000000006,30.243888999999999]},"properties":{"FID":21,"新编号":"NSL-022","市_州_":"林芝","县_市_":"波密","乡镇":"易贡乡","名称":"江色贡沟","位置":"西藏自治区林芝地区波密县易贡乡加拉村","日期":" ","具体时":" ","经度_小":94.888889000000006,"纬度_小":30.243888999999999,"类型":"沟谷型","灾害类":"暴雨型泥石流","灾害性":" ","F_级水":"雅鲁藏布","F_级水_1":"易贡藏布","F_级水_2":" ","流域面":4.4400000000000004,"冰川平":0,"冰川面":0,"F21":" ","冰川_1":0,"流量_m":123.1893,"一次固":4.0090729999999999,"规模等":"大型","地形地":"过渡段","相对河":"左岸","主沟长":3.8999999999999999,"沟口高":2378,"最大高":4248,"高差_m":1870,"平均比":479.48717900000003,"泥石流":"有","堆积扇":1105.47,"堆积_1":832.13,"堆积_12":555497,"堆积扇_":0.125112,"是否堵":" ","受灾人":" ","死亡_人":" ","失踪_人":" ","受伤_人":" ","直接经":35,"威胁人":48,"威胁财":64,"备注":" ","资料来":"波密县","tem":6.7483199999999997,"slope_slop":1.5480499999999999,"slope":17.641999999999999,"rainfall":780.70299999999997,"ndvi":0.43667699999999998,"lith":3,"dem_final":2226,"aspect":120.163,"hd":76.599699999999999}},{"type":"Feature","id":22,"geometry":{"type":"Point","coordinates":[94.897499999999994,30.230556]},"properties":{"FID":22,"新编号":"NSL-023","市_州_":"林芝","县_市_":"波密","乡镇":"易贡乡","名称":"雀喇嘛曲","位置":"西藏自治区林芝地区波密县易贡乡加拉村","日期":" ","具体时":" ","经度_小":94.897499999999994,"纬度_小":30.230556,"类型":"沟谷型","灾害类":"冰川型泥石流","灾害性":" ","F_级水":"雅鲁藏布","F_级水_1":"易贡藏布","F_级水_2":" ","流域面":24.199999999999999,"冰川平":34.133333,"冰川面":1427285,"F21":" ","冰川_1":0.058978999999999997,"流量_m":602.87260000000003,"一次固":33.753149999999998,"规模等":"特大型","地形地":"过渡段","相对河":"左岸","主沟长":8.7400000000000002,"沟口高":2408,"最大高":5614,"高差_m":3206,"平均比":366.81922200000002,"泥石流":"有","堆积扇":1628.3099999999999,"堆积_1":1297.9400000000001,"堆积_12":1320773,"堆积扇_":0.054577000000000001,"是否堵":" ","受灾人":" ","死亡_人":" ","失踪_人":" ","受伤_人":" ","直接经":95,"威胁人":0,"威胁财":120,"备注":" ","资料来":"波密县","tem":6.7980299999999998,"slope_slop":1.12687,"slope":10.9985,"rainfall":818.80499999999995,"ndvi":0.29762499999999997,"lith":3,"dem_final":2214,"aspect":89.955799999999996,"hd":46.849400000000003}},{"type":"Feature","id":23,"geometry":{"type":"Point","coordinates":[94.911666999999994,30.223917]},"properties":{"FID":23,"新编号":"NSL-024","市_州_":"林芝","县_市_":"波密","乡镇":"易贡乡","名称":"弄巴曲","位置":" ","日期":" ","具体时":" ","经度_小":94.911666999999994,"纬度_小":30.223917,"类型":"沟谷型","灾害类":"暴雨型泥石流","灾害性":" ","F_级水":"雅鲁藏布","F_级水_1":"易贡藏布","F_级水_2":" ","流域面":5.2800000000000002,"冰川平":0,"冰川面":0,"F21":" ","冰川_1":0,"流量_m":145.22710000000001,"一次固":5.5376830000000004,"规模等":"大型","地形地":"过渡段","相对河":"左岸","主沟长":4.7199999999999998,"沟口高":2326,"最大高":4380,"高差_m":2054,"平均比":435.16949199999999,"泥石流":"有","堆积扇":773.62,"堆积_1":486.07999999999998,"堆积_12":204137,"堆积扇_":0.038662000000000002,"是否堵":" ","受灾人":" ","死亡_人":" ","失踪_人":" ","受伤_人":" ","直接经":0,"威胁人":0,"威胁财":0,"备注":" ","资料来":"扎木弄沟地质灾害调查与危险性评价","tem":6.4625399999999997,"slope_slop":2.7199,"slope":28.369399999999999,"rainfall":731.649,"ndvi":0.56165799999999999,"lith":3,"dem_final":2326,"aspect":244.874,"hd":125.70399999999999}},{"type":"Feature","id":24,"geometry":{"type":"Point","coordinates":[94.917755999999997,30.217041999999999]},"properties":{"FID":24,"新编号":"NSL-025","市_州_":"林芝","县_市_":"波密","乡镇":"易贡乡","名称":"南弄巴曲","位置":" ","日期":" ","具体时":" ","经度_小":94.917755999999997,"纬度_小":30.217041999999999,"类型":"沟谷型","灾害类":"冰川型泥石流","灾害性":" ","F_级水":"雅鲁藏布","F_级水_1":"易贡藏布","F_级水_2":" ","流域面":5.79,"冰川平":23.699999999999999,"冰川面":712397,"F21":" ","冰川_1":0.123039,"流量_m":158.0008,"一次固":5.3330960000000003,"规模等":"大型","地形地":"过渡段","相对河":"左岸","主沟长":4.5899999999999999,"沟口高":2377,"最大高":4529,"高差_m":2152,"平均比":468.84531600000003,"泥石流":"有","堆积扇":683.00999999999999,"堆积_1":854.63999999999999,"堆积_12":384747,"堆积扇_":0.066449999999999995,"是否堵":" ","受灾人":" ","死亡_人":" ","失踪_人":" ","受伤_人":" ","直接经":0,"威胁人":0,"威胁财":0,"备注":" ","资料来":"扎木弄沟地质灾害调查与危险性评价","tem":6.5040100000000001,"slope_slop":2.8584000000000001,"slope":30.1997,"rainfall":725.46600000000001,"ndvi":0.48715599999999998,"lith":3,"dem_final":2336,"aspect":264.64299999999997,"hd":137.52000000000001}},{"type":"Feature","id":25,"geometry":{"type":"Point","coordinates":[94.891844000000006,30.190028000000002]},"properties":{"FID":25,"新编号":"NSL-026","市_州_":"林芝","县_市_":"波密","乡镇":"易贡乡","名称":"道班沟","位置":" ","日期":" ","具体时":" ","经度_小":94.891844000000006,"纬度_小":30.190028000000002,"类型":"沟谷型","灾害类":"冰川型泥石流","灾害性":" ","F_级水":"雅鲁藏布","F_级水_1":"易贡藏布","F_级水_2":" ","流域面":9.5500000000000007,"冰川平":30.699999999999999,"冰川面":1672002,"F21":" ","冰川_1":0.17507900000000001,"流量_m":352.53719999999998,"一次固":13.72695,"规模等":"特大型","地形地":"过渡段","相对河":"右岸","主沟长":5.2999999999999998,"沟口高":2287,"最大高":4730,"高差_m":2443,"平均比":460.94339600000001,"泥石流":"有","堆积扇":1015.84,"堆积_1":635.22000000000003,"堆积_12":502279,"堆积扇_":0.052595000000000003,"是否堵":" ","受灾人":" ","死亡_人":" ","失踪_人":" ","受伤_人":" ","直接经":0,"威胁人":0,"威胁财":0,"备注":" ","资料来":"扎木弄沟地质灾害调查与危险性评价","tem":6.8421799999999999,"slope_slop":3.03823,"slope":32.118099999999998,"rainfall":690.37300000000005,"ndvi":0.25446299999999999,"lith":3,"dem_final":2296,"aspect":119.117,"hd":146.02799999999999}},{"type":"Feature","id":26,"geometry":{"type":"Point","coordinates":[94.913382999999996,30.172083000000001]},"properties":{"FID":26,"新编号":"NSL-027","市_州_":"林芝","县_市_":"波密","乡镇":"易贡乡","名称":"柏龙弄巴","位置":" ","日期":" ","具体时":" ","经度_小":94.913382999999996,"纬度_小":30.172083000000001,"类型":"沟谷型","灾害类":"冰川型泥石流","灾害性":" ","F_级水":"雅鲁藏布","F_级水_1":"易贡藏布","F_级水_2":" ","流域面":62.5,"冰川平":32.714286000000001,"冰川面":3963177,"F21":" ","冰川_1":0.063410999999999995,"流量_m":1428.3009999999999,"一次固":110.0774,"规模等":"特大型","地形地":"过渡段","相对河":"右岸","主沟长":11.800000000000001,"沟口高":2275,"最大高":5049,"高差_m":2774,"平均比":235.084746,"泥石流":"有","堆积扇":1972.3299999999999,"堆积_1":1791.26,"堆积_12":2646771,"堆积扇_":0.042347999999999997,"是否堵":" ","受灾人":" ","死亡_人":" ","失踪_人":" ","受伤_人":" ","直接经":0,"威胁人":0,"威胁财":0,"备注":" ","资料来":"扎木弄沟地质灾害调查与危险性评价","tem":6.5442999999999998,"slope_slop":2.9653900000000002,"slope":26.409600000000001,"rainfall":762.35900000000004,"ndvi":0.52941800000000006,"lith":3,"dem_final":2348,"aspect":184.92699999999999,"hd":119.571}},{"type":"Feature","id":27,"geometry":{"type":"Point","coordinates":[94.943827999999996,30.179138999999999]},"properties":{"FID":27,"新编号":"NSL-028","市_州_":"林芝","县_市_":"波密","乡镇":"易贡乡","名称":"扎木弄沟","位置":" ","日期":" ","具体时":" ","经度_小":94.943827999999996,"纬度_小":30.179138999999999,"类型":"沟谷型","灾害类":"冰川型泥石流","灾害性":" ","F_级水":"雅鲁藏布","F_级水_1":"易贡藏布","F_级水_2":" ","流域面":22.800000000000001,"冰川平":45,"冰川面":4308298,"F21":" ","冰川_1":0.18895999999999999,"流量_m":1206.9639999999999,"一次固":92.393609999999995,"规模等":"特大型","地形地":"过渡段","相对河":"左岸","主沟长":9.1500000000000004,"沟口高":2265,"最大高":5342,"高差_m":3077,"平均比":336.284153,"泥石流":"有","堆积扇":1047.8900000000001,"堆积_1":573.10000000000002,"堆积_12":410155,"堆积扇_":0.017989000000000002,"是否堵":" ","受灾人":" ","死亡_人":" ","失踪_人":" ","受伤_人":" ","直接经":0,"威胁人":0,"威胁财":0,"备注":" ","资料来":"扎木弄沟地质灾害调查与危险性评价","tem":6.11219,"slope_slop":2.8171900000000001,"slope":31.831199999999999,"rainfall":711.47000000000003,"ndvi":0.27594200000000002,"lith":3,"dem_final":2283,"aspect":204.52099999999999,"hd":143.886}},{"type":"Feature","id":28,"geometry":{"type":"Point","coordinates":[94.945751999999999,30.165800000000001]},"properties":{"FID":28,"新编号":"NSL-029","市_州_":"林芝","县_市_":"波密","乡镇":"易贡乡","名称":"铁素","位置":"西藏自治区林芝地区波密县易贡乡通麦村","日期":" ","具体时":" ","经度_小":94.945751999999999,"纬度_小":30.165800000000001,"类型":"沟谷型","灾害类":"冰川型泥石流","灾害性":" ","F_级水":"雅鲁藏布","F_级水_1":"易贡藏布","F_级水_2":" ","流域面":5.2199999999999998,"冰川平":27.338964000000001,"冰川面":150305,"F21":" ","冰川_1":0.028794,"流量_m":159.4796,"一次固":6.7149840000000003,"规模等":"大型","地形地":"过渡段","相对河":"右岸","主沟长":3.6600000000000001,"沟口高":2270,"最大高":4149,"高差_m":1879,"平均比":513.38797799999998,"泥石流":"无","堆积扇":0,"堆积_1":0,"堆积_12":0,"堆积扇_":0,"是否堵":" ","受灾人":" ","死亡_人":" ","失踪_人":" ","受伤_人":" ","直接经":6,"威胁人":40,"威胁财":20,"备注":" ","资料来":"波密县","tem":6.1967400000000001,"slope_slop":2.3180299999999998,"slope":30.646899999999999,"rainfall":699.06299999999999,"ndvi":0.43059999999999998,"lith":3,"dem_final":2327,"aspect":160.59200000000001,"hd":133.828}},{"type":"Feature","id":29,"geometry":{"type":"Point","coordinates":[94.970084999999997,30.161269000000001]},"properties":{"FID":29,"新编号":"NSL-030","市_州_":"林芝","县_市_":"波密","乡镇":"易贡乡","名称":"打贡弄巴","位置":" ","日期":" ","具体时":" ","经度_小":94.970084999999997,"纬度_小":30.161269000000001,"类型":"沟谷型","灾害类":"冰川型泥石流","灾害性":" ","F_级水":"雅鲁藏布","F_级水_1":"易贡藏布","F_级水_2":" ","流域面":12.699999999999999,"冰川平":24,"冰川面":1739272,"F21":" ","冰川_1":0.13695099999999999,"流量_m":370.66120000000001,"一次固":21.20063,"规模等":"特大型","地形地":"过渡段","相对河":"右岸","主沟长":5.9299999999999997,"沟口高":2251,"最大高":4523,"高差_m":2272,"平均比":383.136594,"泥石流":"有","堆积扇":1484.4300000000001,"堆积_1":945.74000000000001,"堆积_12":660335,"堆积扇_":0.051995,"是否堵":" ","受灾人":" ","死亡_人":" ","失踪_人":" ","受伤_人":" ","直接经":0,"威胁人":0,"威胁财":0,"备注":" ","资料来":"扎木弄沟地质灾害调查与危险性评价","tem":6.1109900000000001,"slope_slop":3.5200999999999998,"slope":29.165299999999998,"rainfall":684.04100000000005,"ndvi":0.212258,"lith":3,"dem_final":2221,"aspect":167.554,"hd":133.21000000000001}},{"type":"Feature","id":30,"geometry":{"type":"Point","coordinates":[94.995146000000005,30.150991999999999]},"properties":{"FID":30,"新编号":"NSL-031","市_州_":"林芝","县_市_":"波密","乡镇":"易贡乡","名称":"打易弄巴","位置":" ","日期":" ","具体时":" ","经度_小":94.995146000000005,"纬度_小":30.150991999999999,"类型":"沟谷型","灾害类":"冰川型泥石流","灾害性":" ","F_级水":"雅鲁藏布","F_级水_1":"易贡藏布","F_级水_2":" ","流域面":5.96,"冰川平":19.399999999999999,"冰川面":494744,"F21":" ","冰川_1":0.083011000000000001,"流量_m":152.97720000000001,"一次固":5.648161,"规模等":"大型","地形地":"过渡段","相对河":"右岸","主沟长":4,"沟口高":2305,"最大高":3947,"高差_m":1642,"平均比":410.5,"泥石流":"有","堆积扇":741.75,"堆积_1":549.71000000000004,"堆积_12":264408,"堆积扇_":0.044364000000000001,"是否堵":" ","受灾人":" ","死亡_人":" ","失踪_人":" ","受伤_人":" ","直接经":0,"威胁人":0,"威胁财":0,"备注":" ","资料来":"扎木弄沟地质灾害调查与危险性评价","tem":5.8317100000000002,"slope_slop":2.8434499999999998,"slope":30.532800000000002,"rainfall":786.32399999999996,"ndvi":0.63341099999999995,"lith":3,"dem_final":2166,"aspect":86.864699999999999,"hd":130.94200000000001}},{"type":"Feature","id":31,"geometry":{"type":"Point","coordinates":[95.024911000000003,30.128041]},"properties":{"FID":31,"新编号":"NSL-032","市_州_":"林芝","县_市_":"波密","乡镇":"易贡乡","名称":"新巴弄巴","位置":" ","日期":" ","具体时":" ","经度_小":95.024911000000003,"纬度_小":30.128041,"类型":"沟谷型","灾害类":"冰川型泥石流","灾害性":" ","F_级水":"雅鲁藏布","F_级水_1":"易贡藏布","F_级水_2":" ","流域面":5.9100000000000001,"冰川平":26.5,"冰川面":236302,"F21":" ","冰川_1":0.039982999999999998,"流量_m":137.00909999999999,"一次固":4.0168879999999998,"规模等":"大型","地形地":"过渡段","相对河":"右岸","主沟长":4.1900000000000004,"沟口高":2135,"最大高":4099,"高差_m":1964,"平均比":468.73508399999997,"泥石流":"无","堆积扇":0,"堆积_1":0,"堆积_12":0,"堆积扇_":0,"是否堵":" ","受灾人":" ","死亡_人":" ","失踪_人":" ","受伤_人":" ","直接经":0,"威胁人":0,"威胁财":0,"备注":" ","资料来":"扎木弄沟地质灾害调查与危险性评价","tem":5.8678800000000004,"slope_slop":2.9312,"slope":33.349699999999999,"rainfall":701.57399999999996,"ndvi":0.40864299999999998,"lith":3,"dem_final":2152,"aspect":163.34200000000001,"hd":155.93799999999999}},{"type":"Feature","id":32,"geometry":{"type":"Point","coordinates":[95.073053000000002,30.116638999999999]},"properties":{"FID":32,"新编号":"NSL-033","市_州_":"林芝","县_市_":"波密","乡镇":"易贡乡","名称":"通易公路1号沟","位置":" ","日期":" ","具体时":" ","经度_小":95.073053000000002,"纬度_小":30.116638999999999,"类型":"沟谷型","灾害类":"冰川型泥石流","灾害性":" ","F_级水":"雅鲁藏布","F_级水_1":"易贡藏布","F_级水_2":" ","流域面":15.199999999999999,"冰川平":25.826982000000001,"冰川面":1152028,"F21":" ","冰川_1":0.075790999999999997,"流量_m":393.87860000000001,"一次固":23.71968,"规模等":"特大型","地形地":"过渡段","相对河":"左岸","主沟长":6.8799999999999999,"沟口高":2075,"最大高":4934,"高差_m":2859,"平均比":415.55232599999999,"泥石流":"有","堆积扇":404.77999999999997,"堆积_1":164.00999999999999,"堆积_12":32552,"堆积扇_":0.0021419999999999998,"是否堵":" ","受灾人":" ","死亡_人":" ","失踪_人":" ","受伤_人":" ","直接经":0,"威胁人":0,"威胁财":0,"备注":" ","资料来":"扎木弄沟地质灾害调查与危险性评价","tem":5.95716,"slope_slop":4.1453899999999999,"slope":32.354999999999997,"rainfall":872.24900000000002,"ndvi":0.62767600000000001,"lith":3,"dem_final":2205,"aspect":188.15299999999999,"hd":130.79499999999999}},{"type":"Feature","id":33,"geometry":{"type":"Point","coordinates":[96.557134000000005,29.531770999999999]},"properties":{"FID":33,"新编号":"NSL-035","市_州_":"林芝","县_市_":"波密","乡镇":"玉普乡","名称":"扎拉弄巴","位置":"K3904+800","日期":" ","具体时":" ","经度_小":96.557134000000005,"纬度_小":29.531770999999999,"类型":"沟谷型","灾害类":"冰川型泥石流","灾害性":" ","F_级水":"雅鲁藏布","F_级水_1":"帕隆藏布","F_级水_2":" ","流域面":80.400000000000006,"冰川平":22.963158,"冰川面":10891744.199999999,"F21":" ","冰川_1":0.13546900000000001,"流量_m":1031.4259999999999,"一次固":80.322500000000005,"规模等":"特大型","地形地":"过渡段","相对河":"右岸","主沟长":14.699999999999999,"沟口高":3888,"最大高":5476,"高差_m":1588,"平均比":108.02721099999999,"泥石流":"有","堆积扇":317,"堆积_1":348,"堆积_12":61691,"堆积扇_":0.000767,"是否堵":" ","受灾人":" ","死亡_人":" ","失踪_人":" ","受伤_人":" ","直接经":0,"威胁人":0,"威胁财":0,"备注":" ","资料来":"23-帕隆藏布流域海洋性冰川区泥石流特征研究","tem":4.4399699999999998,"slope_slop":3.7229999999999999,"slope":35.880699999999997,"rainfall":679.87900000000002,"ndvi":0.203463,"lith":3,"dem_final":3918,"aspect":157.44800000000001,"hd":166.91200000000001}},{"type":"Feature","id":34,"geometry":{"type":"Point","coordinates":[96.539721999999998,29.544722]},"properties":{"FID":34,"新编号":"NSL-036","市_州_":"林芝","县_市_":"波密","乡镇":"玉普乡","名称":"曲真弄巴","位置":"K3907","日期":" ","具体时":" ","经度_小":96.539721999999998,"纬度_小":29.544722,"类型":"沟谷型","灾害类":"冰川型泥石流","灾害性":" ","F_级水":"雅鲁藏布","F_级水_1":"帕隆藏布","F_级水_2":" ","流域面":21.199999999999999,"冰川平":27.600000000000001,"冰川面":2602728,"F21":" ","冰川_1":0.12277,"流量_m":345.4203,"一次固":18.32441,"规模等":"特大型","地形地":"过渡段","相对河":"右岸","主沟长":7.8700000000000001,"沟口高":3741,"最大高":5485,"高差_m":1744,"平均比":221.60101700000001,"泥石流":"无","堆积扇":0,"堆积_1":0,"堆积_12":0,"堆积扇_":0,"是否堵":" ","受灾人":" ","死亡_人":" ","失踪_人":" ","受伤_人":" ","直接经":0,"威胁人":0,"威胁财":0,"备注":" ","资料来":"23-帕隆藏布流域海洋性冰川区泥石流特征研究","tem":4.1722099999999998,"slope_slop":4.3687300000000002,"slope":34.388500000000001,"rainfall":666.25599999999997,"ndvi":0.28042299999999998,"lith":2,"dem_final":3677,"aspect":181.89699999999999,"hd":146.55600000000001}},{"type":"Feature","id":35,"geometry":{"type":"Point","coordinates":[96.501110999999995,29.536943999999998]},"properties":{"FID":35,"新编号":"NSL-037","市_州_":"林芝","县_市_":"波密","乡镇":"玉普乡","名称":"米堆弄巴","位置":"西藏自治区林芝地区波密县玉普乡米堆村","日期":" ","具体时":" ","经度_小":96.501110999999995,"纬度_小":29.536943999999998,"类型":"沟谷型","灾害类":"冰川型泥石流","灾害性":" ","F_级水":"雅鲁藏布","F_级水_1":"帕隆藏布","F_级水_2":" ","流域面":130,"冰川平":31.885714,"冰川面":3973292,"F21":" ","冰川_1":0.030564000000000001,"流量_m":2222.5279999999998,"一次固":248.61019999999999,"规模等":"特大型","地形地":"过渡段","相对河":"左岸","主沟长":16.399999999999999,"沟口高":3606,"最大高":5224,"高差_m":1618,"平均比":145,"泥石流":"无","堆积扇":0,"堆积_1":0,"堆积_12":0,"堆积扇_":0,"是否堵":" ","受灾人":" ","死亡_人":" ","失踪_人":" ","受伤_人":" ","直接经":0,"威胁人":0,"威胁财":30,"备注":" ","资料来":"波密县","tem":4.2521699999999996,"slope_slop":3.7665999999999999,"slope":27.890899999999998,"rainfall":716.10799999999995,"ndvi":0.26153300000000002,"lith":3,"dem_final":3591,"aspect":179.56700000000001,"hd":102.624}},{"type":"Feature","id":36,"geometry":{"type":"Point","coordinates":[96.394419999999997,29.606621000000001]},"properties":{"FID":36,"新编号":"NSL-038","市_州_":"林芝","县_市_":"波密","乡镇":"玉普乡","名称":"冬茹东沟","位置":"K3927+300","日期":" ","具体时":" ","经度_小":96.394419999999997,"纬度_小":29.606621000000001,"类型":"沟谷型","灾害类":"冰川型泥石流","灾害性":" ","F_级水":"雅鲁藏布","F_级水_1":"帕隆藏布","F_级水_2":" ","流域面":10.4,"冰川平":22.399999999999999,"冰川面":1826225.6000000001,"F21":" ","冰川_1":0.17559900000000001,"流量_m":342.35860000000002,"一次固":17.54081,"规模等":"特大型","地形地":"过渡段","相对河":"右岸","主沟长":2.54,"沟口高":3408,"最大高":5079,"高差_m":1671,"平均比":657.87401599999998,"泥石流":"无","堆积扇":0,"堆积_1":0,"堆积_12":0,"堆积扇_":0,"是否堵":" ","受灾人":" ","死亡_人":" ","失踪_人":" ","受伤_人":" ","直接经":0,"威胁人":0,"威胁财":0,"备注":" ","资料来":"23-帕隆藏布流域海洋性冰川区泥石流特征研究","tem":3.7776000000000001,"slope_slop":3.4360400000000002,"slope":25.060099999999998,"rainfall":676.75699999999995,"ndvi":0.14985699999999999,"lith":2,"dem_final":3997,"aspect":221.149,"hd":108.623}},{"type":"Feature","id":37,"geometry":{"type":"Point","coordinates":[96.261768000000004,29.624267]},"properties":{"FID":37,"新编号":"NSL-040","市_州_":"林芝","县_市_":"波密","乡镇":"玉普乡","名称":"阿西村泥石流沟","位置":"西藏自治区林芝地区波密县玉普乡阿西村","日期":" ","具体时":" ","经度_小":96.261768000000004,"纬度_小":29.624267,"类型":"沟谷型","灾害类":"冰川型泥石流","灾害性":" ","F_级水":"雅鲁藏布","F_级水_1":"帕隆藏布","F_级水_2":" ","流域面":57.299999999999997,"冰川平":21,"冰川面":4573340,"F21":" ","冰川_1":0.079813999999999996,"流量_m":513.95839999999998,"一次固":37.182630000000003,"规模等":"特大型","地形地":"过渡段","相对河":"左岸","主沟长":14.1,"沟口高":3247,"最大高":5130,"高差_m":1883,"平均比":133.546099,"泥石流":"有","堆积扇":817,"堆积_1":912,"堆积_12":710997,"堆积扇_":0.012408000000000001,"是否堵":" ","受灾人":" ","死亡_人":" ","失踪_人":" ","受伤_人":" ","直接经":0,"威胁人":0,"威胁财":0,"备注":" ","资料来":" ","tem":3.9573200000000002,"slope_slop":3.4875099999999999,"slope":30.312100000000001,"rainfall":716.90300000000002,"ndvi":0.30533100000000002,"lith":3,"dem_final":3222,"aspect":204.881,"hd":137.24700000000001}},{"type":"Feature","id":38,"geometry":{"type":"Point","coordinates":[96.232221999999993,29.645278000000001]},"properties":{"FID":38,"新编号":"NSL-041","市_州_":"林芝","县_市_":"波密","乡镇":"松宗","名称":"K3945+200","位置":"87道班以西5.6km","日期":" ","具体时":" ","经度_小":96.232221999999993,"纬度_小":29.645278000000001,"类型":"沟谷型","灾害类":"暴雨型泥石流","灾害性":" ","F_级水":"雅鲁藏布","F_级水_1":"帕隆藏布","F_级水_2":" ","流域面":3.7200000000000002,"冰川平":0,"冰川面":0,"F21":" ","冰川_1":0,"流量_m":112.54519999999999,"一次固":4.4276179999999998,"规模等":"大型","地形地":"过渡段","相对河":"右岸","主沟长":3.8900000000000001,"沟口高":3365,"最大高":5206,"高差_m":1841,"平均比":473.26478100000003,"泥石流":"有","堆积扇":743,"堆积_1":506,"堆积_12":269137,"堆积扇_":0.072348999999999997,"是否堵":" ","受灾人":" ","死亡_人":" ","失踪_人":" ","受伤_人":" ","直接经":0,"威胁人":0,"威胁财":0,"备注":" ","资料来":"23-帕隆藏布流域海洋性冰川区泥石流特征研究","tem":3.40638,"slope_slop":2.9448500000000002,"slope":27.434999999999999,"rainfall":749.58199999999999,"ndvi":0.38341700000000001,"lith":3,"dem_final":3186,"aspect":167.40899999999999,"hd":125.267}},{"type":"Feature","id":39,"geometry":{"type":"Point","coordinates":[96.207222000000002,29.682917]},"properties":{"FID":39,"新编号":"NSL-042","市_州_":"林芝","县_市_":"波密","乡镇":"松宗","名称":"九绒沟","位置":"K3951+300","日期":"2014/8/18，2015-8-4","具体时":" ","经度_小":96.207222000000002,"纬度_小":29.682917,"类型":"沟谷型","灾害类":"暴雨型泥石流","灾害性":" ","F_级水":"雅鲁藏布","F_级水_1":"帕隆藏布","F_级水_2":" ","流域面":7,"冰川平":0,"冰川面":0,"F21":" ","冰川_1":0,"流量_m":264.55189999999999,"一次固":10.087680000000001,"规模等":"特大型","地形地":"过渡段","相对河":"右岸","主沟长":3.3500000000000001,"沟口高":3318,"最大高":5293,"高差_m":1975,"平均比":589.55223899999999,"泥石流":"有","堆积扇":621,"堆积_1":707,"堆积_12":466495,"堆积扇_":0.066642000000000007,"是否堵":"否","受灾人":" ","死亡_人":" ","失踪_人":" ","受伤_人":" ","直接经":0,"威胁人":0,"威胁财":0,"备注":" ","资料来":"9-川藏公路波密段九绒沟泥石流形成机制研究","tem":2.80124,"slope_slop":3.6629200000000002,"slope":34.499200000000002,"rainfall":708.79200000000003,"ndvi":0.279256,"lith":2,"dem_final":3155,"aspect":253.27500000000001,"hd":160.36000000000001}},{"type":"Feature","id":40,"geometry":{"type":"Point","coordinates":[96.201667,29.692222000000001]},"properties":{"FID":40,"新编号":"NSL-043","市_州_":"林芝","县_市_":"波密","乡镇":"松宗","名称":"沙拢弄巴","位置":"K3952+400","日期":" ","具体时":" ","经度_小":96.201667,"纬度_小":29.692222000000001,"类型":"沟谷型","灾害类":"冰川型泥石流","灾害性":" ","F_级水":"雅鲁藏布","F_级水_1":"帕隆藏布","F_级水_2":" ","流域面":13.199999999999999,"冰川平":14.4,"冰川面":752052,"F21":" ","冰川_1":0.056973999999999997,"流量_m":248.15969999999999,"一次固":14.6442,"规模等":"特大型","地形地":"过渡段","相对河":"右岸","主沟长":6.1299999999999999,"沟口高":3255,"最大高":5091,"高差_m":1836,"平均比":299.510604,"泥石流":"有","堆积扇":1256,"堆积_1":758,"堆积_12":648761,"堆积扇_":0.049148999999999998,"是否堵":" ","受灾人":" ","死亡_人":" ","失踪_人":" ","受伤_人":" ","直接经":0,"威胁人":0,"威胁财":0,"备注":" ","资料来":"23-帕隆藏布流域海洋性冰川区泥石流特征研究","tem":2.0867399999999998,"slope_slop":2.7589600000000001,"slope":31.972000000000001,"rainfall":744.51099999999997,"ndvi":0.49344700000000002,"lith":3,"dem_final":3148,"aspect":177.483,"hd":137.245}},{"type":"Feature","id":41,"geometry":{"type":"Point","coordinates":[96.169398999999999,29.701357999999999]},"properties":{"FID":41,"新编号":"NSL-044","市_州_":"林芝","县_市_":"波密","乡镇":"松宗","名称":"代弄巴","位置":"K3956+100","日期":" ","具体时":" ","经度_小":96.169398999999999,"纬度_小":29.701357999999999,"类型":"沟谷型","灾害类":"冰川型泥石流","灾害性":" ","F_级水":"雅鲁藏布","F_级水_1":"帕隆藏布","F_级水_2":" ","流域面":20.300000000000001,"冰川平":31.074999999999999,"冰川面":248970,"F21":" ","冰川_1":0.012265,"流量_m":362.55840000000001,"一次固":21.175730000000001,"规模等":"特大型","地形地":"过渡段","相对河":"左岸","主沟长":9.9100000000000001,"沟口高":3184,"最大高":5662,"高差_m":2478,"平均比":250.050454,"泥石流":"无","堆积扇":0,"堆积_1":0,"堆积_12":0,"堆积扇_":0,"是否堵":" ","受灾人":" ","死亡_人":" ","失踪_人":" ","受伤_人":" ","直接经":0,"威胁人":0,"威胁财":0,"备注":" ","资料来":"23-帕隆藏布流域海洋性冰川区泥石流特征研究","tem":2.2090399999999999,"slope_slop":2.7333799999999999,"slope":29.424099999999999,"rainfall":763.18799999999999,"ndvi":0.59812100000000001,"lith":2,"dem_final":3171,"aspect":186.648,"hd":131.97399999999999}},{"type":"Feature","id":42,"geometry":{"type":"Point","coordinates":[96.160278000000005,29.981667000000002]},"properties":{"FID":42,"新编号":"NSL-045","市_州_":"林芝","县_市_":"波密","乡镇":"多吉乡","名称":"觉洛迪沟","位置":"西藏自治区林芝地区波密县多吉乡提巴村","日期":" ","具体时":" ","经度_小":96.160278000000005,"纬度_小":29.981667000000002,"类型":"沟谷型","灾害类":"暴雨型泥石流","灾害性":" ","F_级水":"雅鲁藏布","F_级水_1":"帕隆藏布","F_级水_2":"觉洛藏布","流域面":3.7000000000000002,"冰川平":0,"冰川面":0,"F21":" ","冰川_1":0,"流量_m":137.11760000000001,"一次固":5.5048899999999996,"规模等":"大型","地形地":"过渡段","相对河":"右岸","主沟长":2.8599999999999999,"沟口高":3620,"最大高":4982,"高差_m":1362,"平均比":476.22377599999999,"泥石流":"有","堆积扇":161,"堆积_1":347,"堆积_12":106418,"堆积扇_":0.028761999999999999,"是否堵":" ","受灾人":" ","死亡_人":" ","失踪_人":" ","受伤_人":" ","直接经":8,"威胁人":0,"威胁财":112,"备注":" ","资料来":"波密县","tem":2.05741,"slope_slop":2.9664700000000002,"slope":31.189499999999999,"rainfall":679.58399999999995,"ndvi":0.33362000000000003,"lith":3,"dem_final":3570,"aspect":203.547,"hd":141.346}},{"type":"Feature","id":43,"geometry":{"type":"Point","coordinates":[96.095581999999993,29.795506]},"properties":{"FID":43,"新编号":"NSL-046","市_州_":"林芝","县_市_":"波密","乡镇":"松宗乡","名称":"确切弄巴泥石流","位置":"西藏自治区林芝地区波密县松宗乡","日期":" ","具体时":" ","经度_小":96.095581999999993,"纬度_小":29.795506,"类型":"沟谷型","灾害类":"冰川型泥石流","灾害性":" ","F_级水":"雅鲁藏布","F_级水_1":"帕隆藏布","F_级水_2":"曲宗藏布","流域面":23.399999999999999,"冰川平":21.149999999999999,"冰川面":1216563,"F21":" ","冰川_1":0.051990000000000001,"流量_m":418.10910000000001,"一次固":25.648479999999999,"规模等":"特大型","地形地":"过渡段","相对河":"右岸","主沟长":9.6400000000000006,"沟口高":3172,"最大高":5445,"高差_m":2273,"平均比":235.78838200000001,"泥石流":"有","堆积扇":395.12,"堆积_1":247.47,"堆积_12":60287,"堆积扇_":0.0025760000000000002,"是否堵":" ","受灾人":" ","死亡_人":" ","失踪_人":" ","受伤_人":" ","直接经":187.5,"威胁人":0,"威胁财":4.5,"备注":" ","资料来":"波密县","tem":1.6997500000000001,"slope_slop":4.89201,"slope":30.227,"rainfall":742.31100000000004,"ndvi":0.526397,"lith":3,"dem_final":3230,"aspect":143.16900000000001,"hd":127.468}},{"type":"Feature","id":44,"geometry":{"type":"Point","coordinates":[96.046108000000004,29.731324000000001]},"properties":{"FID":44,"新编号":"NSL-047","市_州_":"林芝","县_市_":"波密","乡镇":"松宗","名称":"当荣弄巴","位置":"K3971+700","日期":" ","具体时":" ","经度_小":96.046108000000004,"纬度_小":29.731324000000001,"类型":"沟谷型","灾害类":"溃决型泥石流","灾害性":" ","F_级水":"雅鲁藏布","F_级水_1":"帕隆藏布","F_级水_2":" ","流域面":26.699999999999999,"冰川平":28.699999999999999,"冰川面":3182984,"F21":" ","冰川_1":0.119213,"流量_m":719.00840000000005,"一次固":42.429549999999999,"规模等":"特大型","地形地":"宽谷","相对河":"左岸","主沟长":8.5600000000000005,"沟口高":3111,"最大高":5522,"高差_m":2411,"平均比":281.65887900000001,"泥石流":"无","堆积扇":0,"堆积_1":0,"堆积_12":0,"堆积扇_":0,"是否堵":" ","受灾人":" ","死亡_人":" ","失踪_人":" ","受伤_人":" ","直接经":0,"威胁人":0,"威胁财":0,"备注":" ","资料来":"23-帕隆藏布流域海洋性冰川区泥石流特征研究","tem":2.33412,"slope_slop":3.2542200000000001,"slope":28.627700000000001,"rainfall":779.52499999999998,"ndvi":0.57354899999999998,"lith":3,"dem_final":3042,"aspect":198.63,"hd":130.15100000000001}},{"type":"Feature","id":45,"geometry":{"type":"Point","coordinates":[96.026667000000003,29.741111]},"properties":{"FID":45,"新编号":"NSL-048","市_州_":"林芝","县_市_":"波密","乡镇":"松宗乡","名称":"兴空1#泥石流沟","位置":"西藏自治区林芝地区波密县松宗乡","日期":" ","具体时":" ","经度_小":96.026667000000003,"纬度_小":29.741111,"类型":"沟谷型","灾害类":"暴雨型泥石流","灾害性":" ","F_级水":"雅鲁藏布","F_级水_1":"帕隆藏布","F_级水_2":" ","流域面":3.8599999999999999,"冰川平":0,"冰川面":0,"F21":" ","冰川_1":0,"流量_m":107.2127,"一次固":4.2610599999999996,"规模等":"大型","地形地":"宽谷","相对河":"右岸","主沟长":4.6500000000000004,"沟口高":3051,"最大高":5371,"高差_m":2320,"平均比":498.92473100000001,"泥石流":"无","堆积扇":0,"堆积_1":0,"堆积_12":0,"堆积扇_":0,"是否堵":" ","受灾人":" ","死亡_人":" ","失踪_人":" ","受伤_人":" ","直接经":10,"威胁人":0,"威胁财":15,"备注":" ","资料来":"波密县","tem":2.3520699999999999,"slope_slop":3.4119799999999998,"slope":25.918299999999999,"rainfall":786.48599999999999,"ndvi":0.52011700000000005,"lith":2,"dem_final":3050,"aspect":176.49600000000001,"hd":113.28100000000001}},{"type":"Feature","id":46,"geometry":{"type":"Point","coordinates":[95.993118999999993,29.746079999999999]},"properties":{"FID":46,"新编号":"NSL-049","市_州_":"林芝","县_市_":"波密","乡镇":"松宗","名称":"绒冲沟","位置":"K3976+600","日期":" ","具体时":" ","经度_小":95.993118999999993,"纬度_小":29.746079999999999,"类型":"沟谷型","灾害类":"冰川型泥石流","灾害性":" ","F_级水":"雅鲁藏布","F_级水_1":"帕隆藏布","F_级水_2":" ","流域面":4.2199999999999998,"冰川平":26.699999999999999,"冰川面":414613,"F21":" ","冰川_1":0.098250000000000004,"流量_m":121.0177,"一次固":4.7121380000000004,"规模等":"大型","地形地":"宽谷","相对河":"右岸","主沟长":4.5999999999999996,"沟口高":2956,"最大高":5314,"高差_m":2358,"平均比":512.60869600000001,"泥石流":"有","堆积扇":235,"堆积_1":119,"堆积_12":22465,"堆积扇_":0.0053229999999999996,"是否堵":" ","受灾人":" ","死亡_人":" ","失踪_人":" ","受伤_人":" ","直接经":0,"威胁人":0,"威胁财":0,"备注":" ","资料来":"23-帕隆藏布流域海洋性冰川区泥石流特征研究","tem":2.2012100000000001,"slope_slop":2.7947600000000001,"slope":30.940899999999999,"rainfall":787.97500000000002,"ndvi":0.59583399999999997,"lith":2,"dem_final":2957,"aspect":166.083,"hd":130.43600000000001}},{"type":"Feature","id":47,"geometry":{"type":"Point","coordinates":[95.972222000000002,29.756667]},"properties":{"FID":47,"新编号":"NSL-050","市_州_":"林芝","县_市_":"波密","乡镇":"松宗乡","名称":"96道班沟","位置":"西藏自治区林芝地区波密县松宗乡动亚村","日期":" ","具体时":" ","经度_小":95.972222000000002,"纬度_小":29.756667,"类型":"沟谷型","灾害类":"暴雨型泥石流","灾害性":" ","F_级水":"雅鲁藏布","F_级水_1":"帕隆藏布","F_级水_2":" ","流域面":3.73,"冰川平":0,"冰川面":0,"F21":" ","冰川_1":0,"流量_m":132.8271,"一次固":5.6998759999999997,"规模等":"大型","地形地":"宽谷","相对河":"右岸","主沟长":3.5499999999999998,"沟口高":2977,"最大高":5040,"高差_m":2063,"平均比":581.12676099999999,"泥石流":"有","堆积扇":358.18000000000001,"堆积_1":642.75,"堆积_12":162654,"堆积扇_":0.043607,"是否堵":" ","受灾人":" ","死亡_人":" ","失踪_人":" ","受伤_人":" ","直接经":8,"威胁人":0,"威胁财":4.5,"备注":" ","资料来":"波密县","tem":2.1080000000000001,"slope_slop":3.33005,"slope":30.802499999999998,"rainfall":768.72199999999998,"ndvi":0.42994700000000002,"lith":2,"dem_final":2980,"aspect":206.15100000000001,"hd":151.63800000000001}},{"type":"Feature","id":48,"geometry":{"type":"Point","coordinates":[95.925945999999996,29.761693000000001]},"properties":{"FID":48,"新编号":"NSL-051","市_州_":"林芝","县_市_":"波密","乡镇":"扎木","名称":"K3984+800","位置":"91道班以西约5.0km","日期":" ","具体时":" ","经度_小":95.925945999999996,"纬度_小":29.761693000000001,"类型":"沟谷型","灾害类":"冰川型泥石流","灾害性":" ","F_级水":"雅鲁藏布","F_级水_1":"帕隆藏布","F_级水_2":" ","流域面":3.71,"冰川平":28.399999999999999,"冰川面":423024,"F21":" ","冰川_1":0.114023,"流量_m":113.4248,"一次固":4.102894,"规模等":"大型","地形地":"宽谷","相对河":"左岸","主沟长":3.8399999999999999,"沟口高":2919,"最大高":4648,"高差_m":1729,"平均比":450.26041700000002,"泥石流":"无","堆积扇":0,"堆积_1":0,"堆积_12":0,"堆积扇_":0,"是否堵":" ","受灾人":" ","死亡_人":" ","失踪_人":" ","受伤_人":" ","直接经":0,"威胁人":0,"威胁财":0,"备注":" ","资料来":"23-帕隆藏布流域海洋性冰川区泥石流特征研究","tem":2.5264799999999998,"slope_slop":2.83209,"slope":25.5731,"rainfall":764.77700000000004,"ndvi":0.54083700000000001,"lith":2,"dem_final":2910,"aspect":106.90300000000001,"hd":109.761}},{"type":"Feature","id":49,"geometry":{"type":"Point","coordinates":[95.914379999999994,29.769423]},"properties":{"FID":49,"新编号":"NSL-052","市_州_":"林芝","县_市_":"波密","乡镇":"扎木","名称":"K3985+700","位置":"91道班以西约6.3km","日期":" ","具体时":" ","经度_小":95.914379999999994,"纬度_小":29.769423,"类型":"沟谷型","灾害类":"冰川型泥石流","灾害性":" ","F_级水":"雅鲁藏布","F_级水_1":"帕隆藏布","F_级水_2":" ","流域面":23.399999999999999,"冰川平":26.800000000000001,"冰川面":3627752,"F21":" ","冰川_1":0.155032,"流量_m":641.12990000000002,"一次固":41.656010000000002,"规模等":"特大型","地形地":"宽谷","相对河":"左岸","主沟长":10,"沟口高":2882,"最大高":5529,"高差_m":2647,"平均比":264.69999999999999,"泥石流":"无","堆积扇":0,"堆积_1":0,"堆积_12":0,"堆积扇_":0,"是否堵":" ","受灾人":" ","死亡_人":" ","失踪_人":" ","受伤_人":" ","直接经":0,"威胁人":0,"威胁财":0,"备注":" ","资料来":"23-帕隆藏布流域海洋性冰川区泥石流特征研究","tem":3.1509800000000001,"slope_slop":3.8838499999999998,"slope":30.3903,"rainfall":694.35699999999997,"ndvi":0.12797700000000001,"lith":3,"dem_final":2951,"aspect":157.96000000000001,"hd":140.839}},{"type":"Feature","id":50,"geometry":{"type":"Point","coordinates":[95.943910000000002,29.754697]},"properties":{"FID":50,"新编号":"NSL-053","市_州_":"林芝","县_市_":"波密","乡镇":"扎木镇","名称":"那卡村泥石流沟","位置":"西藏自治区林芝地区波密县扎木镇那卡村","日期":" ","具体时":" ","经度_小":95.943910000000002,"纬度_小":29.754697,"类型":"沟谷型","灾害类":"冰川型泥石流","灾害性":" ","F_级水":"雅鲁藏布","F_级水_1":"帕隆藏布","F_级水_2":" ","流域面":9.3900000000000006,"冰川平":24.699999999999999,"冰川面":277494,"F21":" ","冰川_1":0.029551999999999998,"流量_m":215.8261,"一次固":8.8264239999999994,"规模等":"特大型","地形地":"宽谷","相对河":"左岸","主沟长":5.5800000000000001,"沟口高":2925,"最大高":4991,"高差_m":2066,"平均比":370.25089600000001,"泥石流":"有","堆积扇":182,"堆积_1":92.900000000000006,"堆积_12":16354,"堆积扇_":0.0017420000000000001,"是否堵":" ","受灾人":" ","死亡_人":" ","失踪_人":" ","受伤_人":" ","直接经":0,"威胁人":0,"威胁财":0,"备注":" ","资料来":" ","tem":2.4949599999999998,"slope_slop":2.6410800000000001,"slope":25.785,"rainfall":768.55600000000004,"ndvi":0.52230500000000002,"lith":2,"dem_final":2901,"aspect":200.15199999999999,"hd":112.62}},{"type":"Feature","id":51,"geometry":{"type":"Point","coordinates":[95.905277999999996,29.785556]},"properties":{"FID":51,"新编号":"NSL-054","市_州_":"林芝","县_市_":"波密","乡镇":"扎木镇","名称":"绒仟沟","位置":"西藏自治区林芝地区波密县扎木镇拖莫村","日期":" ","具体时":" ","经度_小":95.905277999999996,"纬度_小":29.785556,"类型":"沟谷型","灾害类":"冰川型泥石流","灾害性":" ","F_级水":"雅鲁藏布","F_级水_1":"帕隆藏布","F_级水_2":" ","流域面":4.4000000000000004,"冰川平":29.422998,"冰川面":600195,"F21":" ","冰川_1":0.136408,"流量_m":139.96690000000001,"一次固":5.5064080000000004,"规模等":"大型","地形地":"宽谷","相对河":"右岸","主沟长":4.8200000000000003,"沟口高":2853,"最大高":5173,"高差_m":2320,"平均比":481.32780100000002,"泥石流":"有","堆积扇":429,"堆积_1":374,"堆积_12":232609,"堆积扇_":0.052866000000000003,"是否堵":" ","受灾人":" ","死亡_人":" ","失踪_人":" ","受伤_人":" ","直接经":6.5,"威胁人":0,"威胁财":9,"备注":" ","资料来":"波密县","tem":1.8429800000000001,"slope_slop":4.78498,"slope":38.662100000000002,"rainfall":710.54600000000005,"ndvi":0.26989600000000002,"lith":2,"dem_final":2893,"aspect":202.815,"hd":197.21899999999999}},{"type":"Feature","id":52,"geometry":{"type":"Point","coordinates":[95.865943999999999,29.802493999999999]},"properties":{"FID":52,"新编号":"NSL-055","市_州_":"林芝","县_市_":"波密","乡镇":"扎木","名称":"多洛弄巴","位置":"K3992+800","日期":"1973","具体时":"0.6875","经度_小":95.865943999999999,"纬度_小":29.802493999999999,"类型":"沟谷型","灾害类":"冰川型泥石流","灾害性":" ","F_级水":"雅鲁藏布","F_级水_1":"帕隆藏布","F_级水_2":" ","流域面":63.899999999999999,"冰川平":24.133333,"冰川面":6503057,"F21":" ","冰川_1":0.101769,"流量_m":1383.623,"一次固":124.1674,"规模等":"特大型","地形地":"宽谷","相对河":"右岸","主沟长":14.199999999999999,"沟口高":2879,"最大高":4975,"高差_m":2096,"平均比":147.60563400000001,"泥石流":"有","堆积扇":1771,"堆积_1":2119,"堆积_12":1869248,"堆积扇_":0.029253000000000001,"是否堵":" ","受灾人":" ","死亡_人":" ","失踪_人":" ","受伤_人":" ","直接经":0,"威胁人":0,"威胁财":0,"备注":"12m长的川藏公路桥冲垮","资料来":"西藏泥石流与环境p31，23-帕隆藏布流域海洋性冰川区泥石流特征研究","tem":2.2738200000000002,"slope_slop":3.1816800000000001,"slope":19.622,"rainfall":848.38400000000001,"ndvi":0.62479799999999996,"lith":2,"dem_final":2836,"aspect":231.482,"hd":80.984399999999994}},{"type":"Feature","id":53,"geometry":{"type":"Point","coordinates":[95.844457000000006,29.810271]},"properties":{"FID":53,"新编号":"NSL-056","市_州_":"林芝","县_市_":"波密","乡镇":"扎木","名称":"大兴对沟","位置":"K3995+300","日期":" ","具体时":" ","经度_小":95.844457000000006,"纬度_小":29.810271,"类型":"沟谷型","灾害类":"冰川型泥石流","灾害性":" ","F_级水":"雅鲁藏布","F_级水_1":"帕隆藏布","F_级水_2":" ","流域面":4.9400000000000004,"冰川平":31.199999999999999,"冰川面":855840,"F21":" ","冰川_1":0.17324700000000001,"流量_m":188.68029999999999,"一次固":7.3467580000000003,"规模等":"大型","地形地":"宽谷","相对河":"右岸","主沟长":4.3399999999999999,"沟口高":2818,"最大高":5165,"高差_m":2347,"平均比":540.78341,"泥石流":"无","堆积扇":0,"堆积_1":0,"堆积_12":0,"堆积扇_":0,"是否堵":" ","受灾人":" ","死亡_人":" ","失踪_人":" ","受伤_人":" ","直接经":0,"威胁人":0,"威胁财":0,"备注":" ","资料来":"23-帕隆藏布流域海洋性冰川区泥石流特征研究","tem":2.2138300000000002,"slope_slop":3.1136599999999999,"slope":23.6645,"rainfall":810.12699999999995,"ndvi":0.55669199999999996,"lith":3,"dem_final":2819,"aspect":162.52699999999999,"hd":106.194}},{"type":"Feature","id":54,"geometry":{"type":"Point","coordinates":[95.779167000000001,29.842500000000001]},"properties":{"FID":54,"新编号":"NSL-057","市_州_":"林芝","县_市_":"波密","乡镇":"扎木镇","名称":"卓弄右沟","位置":"西藏自治区林芝地区波密县扎木镇桑登村","日期":" ","具体时":" ","经度_小":95.779167000000001,"纬度_小":29.842500000000001,"类型":"沟谷型","灾害类":"冰川型泥石流","灾害性":" ","F_级水":"雅鲁藏布","F_级水_1":"帕隆藏布","F_级水_2":" ","流域面":22.300000000000001,"冰川平":30,"冰川面":2445688.5,"F21":" ","冰川_1":0.10967200000000001,"流量_m":497.83460000000002,"一次固":28.474550000000001,"规模等":"特大型","地形地":"宽谷","相对河":"左岸","主沟长":10.6,"沟口高":2764,"最大高":5457,"高差_m":2693,"平均比":254.05660399999999,"泥石流":"有","堆积扇":922.5,"堆积_1":935.34000000000003,"堆积_12":739961,"堆积扇_":0.033182000000000003,"是否堵":" ","受灾人":" ","死亡_人":" ","失踪_人":" ","受伤_人":" ","直接经":20,"威胁人":25,"威胁财":34,"备注":" ","资料来":"波密县","tem":1.99373,"slope_slop":2.1579600000000001,"slope":24.231100000000001,"rainfall":788.75800000000004,"ndvi":0.58381499999999997,"lith":3,"dem_final":2763,"aspect":71.733699999999999,"hd":107.864}},{"type":"Feature","id":55,"geometry":{"type":"Point","coordinates":[95.764443999999997,29.851666999999999]},"properties":{"FID":55,"新编号":"NSL-058","市_州_":"林芝","县_市_":"波密","乡镇":"扎木镇","名称":"卓弄左沟","位置":"西藏自治区林芝地区波密县扎木镇桑登村","日期":" ","具体时":" ","经度_小":95.764443999999997,"纬度_小":29.851666999999999,"类型":"沟谷型","灾害类":"冰川型泥石流","灾害性":" ","F_级水":"雅鲁藏布","F_级水_1":"帕隆藏布","F_级水_2":" ","流域面":24.800000000000001,"冰川平":30,"冰川面":2445688.5,"F21":" ","冰川_1":0.098615999999999995,"流量_m":574.52369999999996,"一次固":34.250810000000001,"规模等":"特大型","地形地":"宽谷","相对河":"左岸","主沟长":10.300000000000001,"沟口高":2800,"最大高":5452,"高差_m":2652,"平均比":257.475728,"泥石流":"无","堆积扇":0,"堆积_1":0,"堆积_12":0,"堆积扇_":0,"是否堵":" ","受灾人":" ","死亡_人":" ","失踪_人":" ","受伤_人":" ","直接经":6,"威胁人":58,"威胁财":36,"备注":" ","资料来":"波密县","tem":1.831,"slope_slop":2.1964100000000002,"slope":24.189,"rainfall":765.745,"ndvi":0.51907499999999995,"lith":2,"dem_final":2759,"aspect":125.30500000000001,"hd":103.66}},{"type":"Feature","id":56,"geometry":{"type":"Point","coordinates":[95.759444000000002,29.870556000000001]},"properties":{"FID":56,"新编号":"NSL-059","市_州_":"林芝","县_市_":"波密","乡镇":"扎木镇","名称":"那哈弄巴沟","位置":"西藏自治区林芝地区波密县扎木镇扎木村","日期":" ","具体时":" ","经度_小":95.759444000000002,"纬度_小":29.870556000000001,"类型":"沟谷型","灾害类":"冰川型泥石流","灾害性":" ","F_级水":"雅鲁藏布","F_级水_1":"帕隆藏布","F_级水_2":" ","流域面":7.8799999999999999,"冰川平":28.012976999999999,"冰川面":142268,"F21":" ","冰川_1":0.018054000000000001,"流量_m":189.9058,"一次固":6.3334339999999996,"规模等":"大型","地形地":"宽谷","相对河":"右岸","主沟长":4.4199999999999999,"沟口高":2842,"最大高":4890,"高差_m":2048,"平均比":463.34841599999999,"泥石流":"有","堆积扇":914.70000000000005,"堆积_1":775.35000000000002,"堆积_12":479504,"堆积扇_":0.060851000000000002,"是否堵":" ","受灾人":" ","死亡_人":" ","失踪_人":" ","受伤_人":" ","直接经":12,"威胁人":35,"威胁财":34,"备注":" ","资料来":"波密县","tem":2.28003,"slope_slop":2.60521,"slope":31.9618,"rainfall":733.68200000000002,"ndvi":0.34879199999999999,"lith":2,"dem_final":2800,"aspect":187.142,"hd":149.46100000000001}},{"type":"Feature","id":57,"geometry":{"type":"Point","coordinates":[95.742446000000001,29.871952]},"properties":{"FID":57,"新编号":"NSL-060","市_州_":"林芝","县_市_":"波密","乡镇":"扎木镇","名称":"嘎弄沟","位置":"西藏自治区林芝地区波密县扎木镇巴琼村","日期":" ","具体时":" ","经度_小":95.742446000000001,"纬度_小":29.871952,"类型":"沟谷型","灾害类":"冰川型泥石流","灾害性":" ","F_级水":"雅鲁藏布","F_级水_1":"帕隆藏布","F_级水_2":" ","流域面":66.799999999999997,"冰川平":25.600000000000001,"冰川面":6778599,"F21":" ","冰川_1":0.101476,"流量_m":947.99580000000003,"一次固":79.067400000000006,"规模等":"特大型","地形地":"宽谷","相对河":"左岸","主沟长":16.800000000000001,"沟口高":2767,"最大高":5478,"高差_m":2711,"平均比":161.36904799999999,"泥石流":"有","堆积扇":2090.0900000000001,"堆积_1":1527800,"堆积_12":852776,"堆积扇_":0.012766,"是否堵":" ","受灾人":" ","死亡_人":" ","失踪_人":" ","受伤_人":" ","直接经":31,"威胁人":0,"威胁财":3303,"备注":" ","资料来":"波密县","tem":2.0867200000000001,"slope_slop":2.1995200000000001,"slope":24.243600000000001,"rainfall":817.77200000000005,"ndvi":0.53008100000000002,"lith":2,"dem_final":2717,"aspect":152.29300000000001,"hd":107.74299999999999}},{"type":"Feature","id":58,"geometry":{"type":"Point","coordinates":[95.671110999999996,29.891389]},"properties":{"FID":58,"新编号":"NSL-062","市_州_":"林芝","县_市_":"波密","乡镇":"扎木镇","名称":"丹卡弄巴","位置":"西藏自治区林芝地区波密县扎木镇丹卡村","日期":" ","具体时":" ","经度_小":95.671110999999996,"纬度_小":29.891389,"类型":"沟谷型","灾害类":"冰川型泥石流","灾害性":" ","F_级水":"雅鲁藏布","F_级水_1":"帕隆藏布","F_级水_2":" ","流域面":42.899999999999999,"冰川平":30.649999999999999,"冰川面":4525341,"F21":" ","冰川_1":0.105486,"流量_m":627.32619999999997,"一次固":37.019269999999999,"规模等":"特大型","地形地":"宽谷","相对河":"左岸","主沟长":15,"沟口高":2710,"最大高":5045,"高差_m":2335,"平均比":155.66666699999999,"泥石流":"有","堆积扇":3284.8699999999999,"堆积_1":1744.3299999999999,"堆积_12":3057946,"堆积扇_":0.071280999999999997,"是否堵":" ","受灾人":" ","死亡_人":" ","失踪_人":" ","受伤_人":" ","直接经":0,"威胁人":0,"威胁财":69,"备注":" ","资料来":"波密县","tem":2.3964500000000002,"slope_slop":2.2949899999999999,"slope":25.011800000000001,"rainfall":764.15200000000004,"ndvi":0.52820199999999995,"lith":2,"dem_final":2693,"aspect":196.22399999999999,"hd":107.973}},{"type":"Feature","id":59,"geometry":{"type":"Point","coordinates":[95.414844000000002,30.267047000000002]},"properties":{"FID":59,"新编号":"NSL-063","市_州_":"林芝","县_市_":"波密","乡镇":"许木镇","名称":"沙仁村沟泥石流","位置":"西藏自治区林芝地区波密县许木镇沙仁村","日期":" ","具体时":" ","经度_小":95.414844000000002,"纬度_小":30.267047000000002,"类型":"沟谷型","灾害类":"冰川型泥石流","灾害性":" ","F_级水":"雅鲁藏布","F_级水_1":"帕隆藏布","F_级水_2":"波得藏布","流域面":7.7000000000000002,"冰川平":29.699999999999999,"冰川面":391488,"F21":" ","冰川_1":0.050842999999999999,"流量_m":173.26849999999999,"一次固":5.9182980000000001,"规模等":"大型","地形地":"宽谷","相对河":"左岸","主沟长":4.7300000000000004,"沟口高":3316,"最大高":4314,"高差_m":998,"平均比":210.99365800000001,"泥石流":"有","堆积扇":937.33000000000004,"堆积_1":822.5,"堆积_12":517866,"堆积扇_":0.067254999999999995,"是否堵":" ","受灾人":" ","死亡_人":" ","失踪_人":" ","受伤_人":" ","直接经":0,"威胁人":0,"威胁财":0,"备注":" ","资料来":" ","tem":5.2556599999999998,"slope_slop":2.5480700000000001,"slope":27.921500000000002,"rainfall":682.61300000000006,"ndvi":0.41359000000000001,"lith":3,"dem_final":3439,"aspect":163.77000000000001,"hd":121.557}},{"type":"Feature","id":60,"geometry":{"type":"Point","coordinates":[95.429167000000007,30.177222]},"properties":{"FID":60,"新编号":"NSL-064","市_州_":"林芝","县_市_":"波密","乡镇":"许木镇","名称":"帮仁沟","位置":"西藏自治区林芝地区波密县许木镇许木村","日期":" ","具体时":" ","经度_小":95.429167000000007,"纬度_小":30.177222,"类型":"沟谷型","灾害类":"冰川型泥石流","灾害性":" ","F_级水":"雅鲁藏布","F_级水_1":"帕隆藏布","F_级水_2":"波得藏布","流域面":4.4800000000000004,"冰川平":31.089977000000001,"冰川面":524650,"F21":" ","冰川_1":0.117109,"流量_m":139.50579999999999,"一次固":4.7650699999999997,"规模等":"大型","地形地":"宽谷","相对河":"左岸","主沟长":4.4000000000000004,"沟口高":3107,"最大高":5752,"高差_m":2645,"平均比":601.13636399999996,"泥石流":"有","堆积扇":299,"堆积_1":715,"堆积_12":250003,"堆积扇_":0.055803999999999999,"是否堵":" ","受灾人":" ","死亡_人":" ","失踪_人":" ","受伤_人":" ","直接经":0,"威胁人":30,"威胁财":37,"备注":" ","资料来":"波密县","tem":5.0338099999999999,"slope_slop":2.3722799999999999,"slope":26.697199999999999,"rainfall":710.10699999999997,"ndvi":0.38454100000000002,"lith":3,"dem_final":3017,"aspect":209.63499999999999,"hd":122.955}},{"type":"Feature","id":61,"geometry":{"type":"Point","coordinates":[95.449263999999999,30.136644]},"properties":{"FID":61,"新编号":"NSL-065","市_州_":"林芝","县_市_":"波密","乡镇":"许木镇","名称":"边批龙巴","位置":"西藏自治区林芝地区波密县许木镇林穷村","日期":" ","具体时":" ","经度_小":95.449263999999999,"纬度_小":30.136644,"类型":"沟谷型","灾害类":"冰川型泥石流","灾害性":" ","F_级水":"雅鲁藏布","F_级水_1":"帕隆藏布","F_级水_2":"波得藏布","流域面":94.099999999999994,"冰川平":31.440000000000001,"冰川面":8874501,"F21":" ","冰川_1":0.094309000000000004,"流量_m":1935.5840000000001,"一次固":140.03100000000001,"规模等":"特大型","地形地":"宽谷","相对河":"右岸","主沟长":16.199999999999999,"沟口高":2964,"最大高":5754,"高差_m":2790,"平均比":172.22222199999999,"泥石流":"有","堆积扇":2448.6799999999998,"堆积_1":1478.5599999999999,"堆积_12":2695689,"堆积扇_":0.028646999999999999,"是否堵":" ","受灾人":" ","死亡_人":" ","失踪_人":" ","受伤_人":" ","直接经":60,"威胁人":0,"威胁财":58,"备注":" ","资料来":"波密县","tem":4.7365700000000004,"slope_slop":2.6352099999999998,"slope":26.328900000000001,"rainfall":707.15200000000004,"ndvi":0.56833800000000001,"lith":3,"dem_final":2971,"aspect":182.20699999999999,"hd":114.818}},{"type":"Feature","id":62,"geometry":{"type":"Point","coordinates":[95.540499999999994,30.077503]},"properties":{"FID":62,"新编号":"NSL-066","市_州_":"林芝","县_市_":"波密","乡镇":"倾多镇","名称":"抄布隆巴（卓布沟）","位置":"栋曲村西南侧","日期":"42950","具体时":"0.70833333333","经度_小":95.540499999999994,"纬度_小":30.077503,"类型":"沟谷型","灾害类":"冰川型泥石流","灾害性":" ","F_级水":"雅鲁藏布","F_级水_1":"帕隆藏布","F_级水_2":"波堆藏布","流域面":13,"冰川平":22.047947000000001,"冰川面":194614,"F21":" ","冰川_1":0.014970000000000001,"流量_m":191.42019999999999,"一次固":10.48554,"规模等":"大型","地形地":"宽谷","相对河":"右岸","主沟长":8.4199999999999999,"沟口高":2997,"最大高":5232,"高差_m":2235,"平均比":265.43943000000002,"泥石流":"有","堆积扇":268,"堆积_1":174,"堆积_12":52887,"堆积扇_":0.0040679999999999996,"是否堵":"否","受灾人":" ","死亡_人":" ","失踪_人":" ","受伤_人":"20","直接经":0,"威胁人":0,"威胁财":0,"备注":"冲毁村道100m，30余户民房被毁，农田及草场1km2；2处输电线装备被推倒","资料来":"20-帕隆藏布流域低频泥石流的成因机制分析——以倾多镇抄布隆巴泥石流为例","tem":4.1428500000000001,"slope_slop":3.2161300000000002,"slope":31.161100000000001,"rainfall":693.41200000000003,"ndvi":0.293321,"lith":3,"dem_final":2980,"aspect":181.99600000000001,"hd":141.06700000000001}},{"type":"Feature","id":63,"geometry":{"type":"Point","coordinates":[95.733056000000005,30.129443999999999]},"properties":{"FID":63,"新编号":"NSL-067","市_州_":"林芝","县_市_":"波密","乡镇":"倾多乡","名称":"度布曲","位置":"西藏自治区林芝地区波密县倾多乡丁钟村","日期":" ","具体时":" ","经度_小":95.733056000000005,"纬度_小":30.129443999999999,"类型":"沟谷型","灾害类":"暴雨型泥石流","灾害性":" ","F_级水":"雅鲁藏布","F_级水_1":"帕隆藏布","F_级水_2":"亚龙藏布","流域面":7.4800000000000004,"冰川平":0,"冰川面":0,"F21":" ","冰川_1":0,"流量_m":266.27719999999999,"一次固":11.21176,"规模等":"特大型","地形地":"宽谷","相对河":"左岸","主沟长":4.0999999999999996,"沟口高":3092,"最大高":5230,"高差_m":2138,"平均比":521.46341500000005,"泥石流":"有","堆积扇":539,"堆积_1":940,"堆积_12":506549,"堆积扇_":0.067720000000000002,"是否堵":" ","受灾人":" ","死亡_人":" ","失踪_人":" ","受伤_人":" ","直接经":45,"威胁人":50,"威胁财":96,"备注":" ","资料来":"波密县","tem":3.6731500000000001,"slope_slop":2.76539,"slope":35.039900000000003,"rainfall":685.43899999999996,"ndvi":0.26528800000000002,"lith":2,"dem_final":2949,"aspect":266.85300000000001,"hd":164.13}},{"type":"Feature","id":64,"geometry":{"type":"Point","coordinates":[95.614166999999995,29.993888999999999]},"properties":{"FID":64,"新编号":"NSL-068","市_州_":"林芝","县_市_":"波密","乡镇":"倾多乡","名称":"如纳村2#沟","位置":"西藏自治区林芝地区波密县倾多乡如纳村","日期":" ","具体时":" ","经度_小":95.614166999999995,"纬度_小":29.993888999999999,"类型":"沟谷型","灾害类":"冰川型泥石流","灾害性":" ","F_级水":"雅鲁藏布","F_级水_1":"帕隆藏布","F_级水_2":"波得藏布","流域面":9.5399999999999991,"冰川平":25.547799999999999,"冰川面":165510,"F21":" ","冰川_1":0.017349,"流量_m":209.86179999999999,"一次固":7.0835920000000003,"规模等":"特大型","地形地":"宽谷","相对河":"右岸","主沟长":4.7699999999999996,"沟口高":2862,"最大高":4741,"高差_m":1879,"平均比":393.92033500000002,"泥石流":"有","堆积扇":581,"堆积_1":877,"堆积_12":463918,"堆积扇_":0.048628999999999999,"是否堵":" ","受灾人":" ","死亡_人":" ","失踪_人":" ","受伤_人":" ","直接经":0,"威胁人":0,"威胁财":78,"备注":" ","资料来":"波密县","tem":3.3427899999999999,"slope_slop":0.53725100000000003,"slope":4.6520799999999998,"rainfall":832.52599999999995,"ndvi":0.39863300000000002,"lith":3,"dem_final":2783,"aspect":104.01600000000001,"hd":16.603300000000001}},{"type":"Feature","id":65,"geometry":{"type":"Point","coordinates":[95.644443999999993,30.066666999999999]},"properties":{"FID":65,"新编号":"NSL-069","市_州_":"林芝","县_市_":"波密","乡镇":"倾多乡","名称":"夜同沟","位置":"西藏自治区林芝地区波密县倾多乡夜同村","日期":" ","具体时":" ","经度_小":95.644443999999993,"纬度_小":30.066666999999999,"类型":"沟谷型","灾害类":"冰川型泥石流","灾害性":" ","F_级水":"雅鲁藏布","F_级水_1":"帕隆藏布","F_级水_2":"亚龙藏布","流域面":7.7199999999999998,"冰川平":32.005383000000002,"冰川面":1296024,"F21":" ","冰川_1":0.167879,"流量_m":331.72609999999997,"一次固":13.317869999999999,"规模等":"特大型","地形地":"宽谷","相对河":"左岸","主沟长":3.8300000000000001,"沟口高":2968,"最大高":4630,"高差_m":1662,"平均比":433.94255900000002,"泥石流":"有","堆积扇":404,"堆积_1":1000,"堆积_12":371546,"堆积扇_":0.048127999999999997,"是否堵":" ","受灾人":" ","死亡_人":" ","失踪_人":" ","受伤_人":" ","直接经":0,"威胁人":100,"威胁财":115,"备注":" ","资料来":"波密县","tem":3.7891400000000002,"slope_slop":2.5857399999999999,"slope":31.665099999999999,"rainfall":699.36500000000001,"ndvi":0.44943499999999997,"lith":3,"dem_final":2787,"aspect":226.62200000000001,"hd":144.708}},{"type":"Feature","id":66,"geometry":{"type":"Point","coordinates":[95.582778000000005,29.884167000000001]},"properties":{"FID":66,"新编号":"NSL-070","市_州_":"林芝","县_市_":"波密","乡镇":"扎木镇","名称":"甲弄沟","位置":"西藏自治区林芝地区波密县扎木镇八联村","日期":" ","具体时":" ","经度_小":95.582778000000005,"纬度_小":29.884167000000001,"类型":"沟谷型","灾害类":"冰川型泥石流","灾害性":" ","F_级水":"雅鲁藏布","F_级水_1":"帕隆藏布","F_级水_2":" ","流域面":16,"冰川平":31.933333000000001,"冰川面":2633598,"F21":" ","冰川_1":0.1646,"流量_m":625.75909999999999,"一次固":43.252470000000002,"规模等":"特大型","地形地":"宽谷","相对河":"左岸","主沟长":6.3399999999999999,"沟口高":2991,"最大高":5167,"高差_m":2176,"平均比":343.21766600000001,"泥石流":"有","堆积扇":1356.1800000000001,"堆积_1":1139.3199999999999,"堆积_12":1186178,"堆积扇_":0.074135999999999994,"是否堵":" ","受灾人":" ","死亡_人":" ","失踪_人":" ","受伤_人":" ","直接经":0,"威胁人":75,"威胁财":75,"备注":" ","资料来":"波密县","tem":3.11829,"slope_slop":2.1000999999999999,"slope":21.778300000000002,"rainfall":829.42899999999997,"ndvi":0.50041500000000005,"lith":3,"dem_final":2694,"aspect":203.91300000000001,"hd":85.799999999999997}},{"type":"Feature","id":67,"geometry":{"type":"Point","coordinates":[95.551564999999997,29.886901000000002]},"properties":{"FID":67,"新编号":"NSL-071","市_州_":"林芝","县_市_":"波密","乡镇":"古乡","名称":"扎达林场沟","位置":"西藏自治区林芝地区波密县古乡古村","日期":" ","具体时":" ","经度_小":95.551564999999997,"纬度_小":29.886901000000002,"类型":"沟谷型","灾害类":"冰川型泥石流","灾害性":" ","F_级水":"雅鲁藏布","F_级水_1":"帕隆藏布","F_级水_2":" ","流域面":6.0999999999999996,"冰川平":31.299600999999999,"冰川面":398468,"F21":" ","冰川_1":0.065323000000000006,"流量_m":188.35849999999999,"一次固":6.9544959999999998,"规模等":"大型","地形地":"宽谷","相对河":"右岸","主沟长":4.25,"沟口高":2856,"最大高":5116,"高差_m":2260,"平均比":531.76470600000005,"泥石流":"有","堆积扇":859,"堆积_1":962,"堆积_12":568531,"堆积扇_":0.093201999999999993,"是否堵":" ","受灾人":" ","死亡_人":" ","失踪_人":" ","受伤_人":" ","直接经":4.5,"威胁人":73,"威胁财":88,"备注":" ","资料来":"波密县","tem":3.1776599999999999,"slope_slop":2.40036,"slope":30.390699999999999,"rainfall":782.49699999999996,"ndvi":0.58002299999999996,"lith":3,"dem_final":2670,"aspect":187.875,"hd":130.46000000000001}},{"type":"Feature","id":68,"geometry":{"type":"Point","coordinates":[95.517651999999998,29.897459000000001]},"properties":{"FID":68,"新编号":"NSL-072","市_州_":"林芝","县_市_":"波密","乡镇":"古乡","名称":"扎塔多沟","位置":"K4037+500","日期":" ","具体时":" ","经度_小":95.517651999999998,"纬度_小":29.897459000000001,"类型":"沟谷型","灾害类":"冰川型泥石流","灾害性":" ","F_级水":"雅鲁藏布","F_级水_1":"帕隆藏布","F_级水_2":" ","流域面":22,"冰川平":29.449999999999999,"冰川面":2610223,"F21":" ","冰川_1":0.118647,"流量_m":698.31830000000002,"一次固":48.267760000000003,"规模等":"特大型","地形地":"宽谷","相对河":"右岸","主沟长":7.8200000000000003,"沟口高":2820,"最大高":5254,"高差_m":2434,"平均比":311.253197,"泥石流":"无","堆积扇":0,"堆积_1":0,"堆积_12":0,"堆积扇_":0,"是否堵":" ","受灾人":" ","死亡_人":" ","失踪_人":" ","受伤_人":" ","直接经":0,"威胁人":0,"威胁财":0,"备注":" ","资料来":"23-帕隆藏布流域海洋性冰川区泥石流特征研究","tem":3.34687,"slope_slop":2.5833900000000001,"slope":27.311499999999999,"rainfall":766.60400000000004,"ndvi":0.51235200000000003,"lith":3,"dem_final":2676,"aspect":222.07599999999999,"hd":119.47199999999999}},{"type":"Feature","id":69,"geometry":{"type":"Point","coordinates":[95.495833000000005,29.911110999999998]},"properties":{"FID":69,"新编号":"NSL-073","市_州_":"林芝","县_市_":"波密","乡镇":"古乡","名称":"瓦浦沟","位置":"西藏自治区林芝地区波密县古乡古村","日期":" ","具体时":" ","经度_小":95.495833000000005,"纬度_小":29.911110999999998,"类型":"沟谷型","灾害类":"冰川型泥石流","灾害性":" ","F_级水":"雅鲁藏布","F_级水_1":"帕隆藏布","F_级水_2":" ","流域面":5.5300000000000002,"冰川平":25.966082,"冰川面":289642,"F21":" ","冰川_1":0.052375999999999999,"流量_m":138.89250000000001,"一次固":4.8001259999999997,"规模等":"大型","地形地":"宽谷","相对河":"右岸","主沟长":4.1100000000000003,"沟口高":2757,"最大高":4538,"高差_m":1781,"平均比":433.33333299999998,"泥石流":"有","堆积扇":673.02999999999997,"堆积_1":464.26999999999998,"堆积_12":178255,"堆积扇_":0.032233999999999999,"是否堵":" ","受灾人":" ","死亡_人":" ","失踪_人":" ","受伤_人":" ","直接经":12,"威胁人":70,"威胁财":76,"备注":" ","资料来":"波密县","tem":3.5520999999999998,"slope_slop":2.4025699999999999,"slope":25.848299999999998,"rainfall":778.91899999999998,"ndvi":0.42464499999999999,"lith":3,"dem_final":2733,"aspect":179.81399999999999,"hd":110.953}},{"type":"Feature","id":70,"geometry":{"type":"Point","coordinates":[95.402979000000002,29.931256999999999]},"properties":{"FID":70,"新编号":"NSL-075","市_州_":"林芝","县_市_":"波密","乡镇":"古乡","名称":"角弄弄巴","位置":"K4049+800","日期":" ","具体时":" ","经度_小":95.402979000000002,"纬度_小":29.931256999999999,"类型":"沟谷型","灾害类":"冰川型泥石流","灾害性":" ","F_级水":"雅鲁藏布","F_级水_1":"帕隆藏布","F_级水_2":" ","流域面":21.600000000000001,"冰川平":26.925000000000001,"冰川面":3843968.2000000002,"F21":" ","冰川_1":0.17796100000000001,"流量_m":760.58640000000003,"一次固":52.571730000000002,"规模等":"特大型","地形地":"过渡段","相对河":"右岸","主沟长":7.8399999999999999,"沟口高":2593,"最大高":5245,"高差_m":2652,"平均比":338.26530600000001,"泥石流":"有","堆积扇":1060,"堆积_1":600,"堆积_12":407390,"堆积扇_":0.018860999999999999,"是否堵":" ","受灾人":" ","死亡_人":" ","失踪_人":" ","受伤_人":" ","直接经":0,"威胁人":0,"威胁财":0,"备注":" ","资料来":"23-帕隆藏布流域海洋性冰川区泥石流特征研究","tem":3.1124399999999999,"slope_slop":2.4210400000000001,"slope":25.876799999999999,"rainfall":752.89800000000002,"ndvi":0.47825800000000002,"lith":3,"dem_final":2543,"aspect":75.447299999999998,"hd":113.7}},{"type":"Feature","id":71,"geometry":{"type":"Point","coordinates":[95.362031999999999,29.971188999999999]},"properties":{"FID":71,"新编号":"NSL-076","市_州_":"林芝","县_市_":"波密","乡镇":"古乡","名称":"达打弄巴","位置":"K4056+500","日期":" ","具体时":" ","经度_小":95.362031999999999,"纬度_小":29.971188999999999,"类型":"沟谷型","灾害类":"冰川型泥石流","灾害性":" ","F_级水":"雅鲁藏布","F_级水_1":"帕隆藏布","F_级水_2":" ","流域面":4.5300000000000002,"冰川平":20.5,"冰川面":886345.69999999995,"F21":" ","冰川_1":0.195661,"流量_m":154.55680000000001,"一次固":7.1219780000000004,"规模等":"大型","地形地":"过渡段","相对河":"右岸","主沟长":5.4800000000000004,"沟口高":2529,"最大高":5393,"高差_m":2864,"平均比":522.62773700000002,"泥石流":"无","堆积扇":0,"堆积_1":0,"堆积_12":0,"堆积扇_":0,"是否堵":" ","受灾人":" ","死亡_人":" ","失踪_人":" ","受伤_人":" ","直接经":0,"威胁人":0,"威胁财":0,"备注":" ","资料来":"23-帕隆藏布流域海洋性冰川区泥石流特征研究","tem":3.18127,"slope_slop":2.6897799999999998,"slope":29.639700000000001,"rainfall":788.52499999999998,"ndvi":0.57671700000000004,"lith":3,"dem_final":2479,"aspect":140.79300000000001,"hd":131.066}},{"type":"Feature","id":72,"geometry":{"type":"Point","coordinates":[95.352254000000002,29.983435]},"properties":{"FID":72,"新编号":"NSL-077","市_州_":"林芝","县_市_":"波密","乡镇":"古乡","名称":"松饶沟","位置":"K4058+500","日期":" ","具体时":" ","经度_小":95.352254000000002,"纬度_小":29.983435,"类型":"沟谷型","灾害类":"冰川型泥石流","灾害性":" ","F_级水":"雅鲁藏布","F_级水_1":"帕隆藏布","F_级水_2":" ","流域面":7.2400000000000002,"冰川平":20.899999999999999,"冰川面":1091214,"F21":" ","冰川_1":0.15071999999999999,"流量_m":227.8742,"一次固":10.500439999999999,"规模等":"特大型","地形地":"过渡段","相对河":"右岸","主沟长":6,"沟口高":2483,"最大高":5427,"高差_m":2944,"平均比":490.66666700000002,"泥石流":"无","堆积扇":0,"堆积_1":0,"堆积_12":0,"堆积扇_":0,"是否堵":" ","受灾人":" ","死亡_人":" ","失踪_人":" ","受伤_人":" ","直接经":0,"威胁人":0,"威胁财":0,"备注":" ","资料来":"23-帕隆藏布流域海洋性冰川区泥石流特征研究","tem":4.0260100000000003,"slope_slop":3.2605,"slope":29.134699999999999,"rainfall":792.39800000000002,"ndvi":0.59175199999999994,"lith":3,"dem_final":2459,"aspect":170.03,"hd":124.328}},{"type":"Feature","id":73,"geometry":{"type":"Point","coordinates":[95.344660000000005,29.986301999999998]},"properties":{"FID":73,"新编号":"NSL-078","市_州_":"林芝","县_市_":"波密","乡镇":"古乡","名称":"赤担弄巴","位置":"K4053","日期":" ","具体时":" ","经度_小":95.344660000000005,"纬度_小":29.986301999999998,"类型":"沟谷型","灾害类":"冰川型泥石流","灾害性":" ","F_级水":"雅鲁藏布","F_级水_1":"帕隆藏布","F_级水_2":" ","流域面":27.800000000000001,"冰川平":31.774999999999999,"冰川面":2342702,"F21":" ","冰川_1":0.084269999999999998,"流量_m":700.47919999999999,"一次固":48.417119999999997,"规模等":"特大型","地形地":"过渡段","相对河":"左岸","主沟长":10.300000000000001,"沟口高":2638,"最大高":4815,"高差_m":2177,"平均比":211.35922299999999,"泥石流":"无","堆积扇":0,"堆积_1":0,"堆积_12":0,"堆积扇_":0,"是否堵":" ","受灾人":" ","死亡_人":" ","失踪_人":" ","受伤_人":" ","直接经":0,"威胁人":0,"威胁财":0,"备注":" ","资料来":"23-帕隆藏布流域海洋性冰川区泥石流特征研究","tem":4.0260100000000003,"slope_slop":3.2605,"slope":29.134699999999999,"rainfall":792.39800000000002,"ndvi":0.59175199999999994,"lith":3,"dem_final":2548,"aspect":170.03,"hd":124.328}},{"type":"Feature","id":74,"geometry":{"type":"Point","coordinates":[95.316811999999999,29.990265999999998]},"properties":{"FID":74,"新编号":"NSL-080","市_州_":"林芝","县_市_":"波密","乡镇":"古乡","名称":"比通曲","位置":"K4062+700","日期":" ","具体时":" ","经度_小":95.316811999999999,"纬度_小":29.990265999999998,"类型":"沟谷型","灾害类":"冰川型泥石流","灾害性":" ","F_级水":"雅鲁藏布","F_级水_1":"帕隆藏布","F_级水_2":" ","流域面":23.300000000000001,"冰川平":31.933333000000001,"冰川面":2133116,"F21":" ","冰川_1":0.091550000000000006,"流量_m":1134.001,"一次固":99.349400000000003,"规模等":"特大型","地形地":"过渡段","相对河":"右岸","主沟长":8.75,"沟口高":2455,"最大高":5216,"高差_m":2761,"平均比":315.54285700000003,"泥石流":"有","堆积扇":1190,"堆积_1":714,"堆积_12":466683,"堆积扇_":0.020029000000000002,"是否堵":" ","受灾人":" ","死亡_人":" ","失踪_人":" ","受伤_人":" ","直接经":0,"威胁人":0,"威胁财":0,"备注":" ","资料来":"23-帕隆藏布流域海洋性冰川区泥石流特征研究","tem":4.40151,"slope_slop":2.74227,"slope":28.227699999999999,"rainfall":793.84100000000001,"ndvi":0.61441599999999996,"lith":3,"dem_final":2425,"aspect":150.73699999999999,"hd":126.663}},{"type":"Feature","id":75,"geometry":{"type":"Point","coordinates":[95.291194000000004,30.013873]},"properties":{"FID":75,"新编号":"NSL-081","市_州_":"林芝","县_市_":"波密","乡镇":"古乡","名称":"索通沟","位置":"K4066+850","日期":" ","具体时":" ","经度_小":95.291194000000004,"纬度_小":30.013873,"类型":"沟谷型","灾害类":"冰川型泥石流","灾害性":" ","F_级水":"雅鲁藏布","F_级水_1":"帕隆藏布","F_级水_2":" ","流域面":36.899999999999999,"冰川平":26.816666999999999,"冰川面":8540308,"F21":" ","冰川_1":0.23144500000000001,"流量_m":2132.6109999999999,"一次固":178.91409999999999,"规模等":"特大型","地形地":"过渡段","相对河":"右岸","主沟长":9.4199999999999999,"沟口高":2481,"最大高":5126,"高差_m":2645,"平均比":280.78556300000002,"泥石流":"有","堆积扇":1636,"堆积_1":811,"堆积_12":191981,"堆积扇_":0.0052030000000000002,"是否堵":" ","受灾人":" ","死亡_人":" ","失踪_人":" ","受伤_人":" ","直接经":0,"威胁人":0,"威胁财":0,"备注":" ","资料来":"23-帕隆藏布流域海洋性冰川区泥石流特征研究","tem":4.6313500000000003,"slope_slop":5.0735299999999999,"slope":23.670500000000001,"rainfall":856.24699999999996,"ndvi":0.59415799999999996,"lith":2,"dem_final":2370,"aspect":98.133899999999997,"hd":90.722200000000001}},{"type":"Feature","id":76,"geometry":{"type":"Point","coordinates":[95.265833000000001,30.036389]},"properties":{"FID":76,"新编号":"NSL-082","市_州_":"林芝","县_市_":"波密","乡镇":"古乡","名称":"安母戈曲","位置":"K4071+500","日期":" ","具体时":" ","经度_小":95.265833000000001,"纬度_小":30.036389,"类型":"沟谷型","灾害类":"冰川型泥石流","灾害性":" ","F_级水":"雅鲁藏布","F_级水_1":"帕隆藏布","F_级水_2":" ","流域面":6.9800000000000004,"冰川平":37.700000000000003,"冰川面":548091,"F21":" ","冰川_1":0.078522999999999996,"流量_m":450.41640000000001,"一次固":26.307200000000002,"规模等":"特大型","地形地":"过渡段","相对河":"右岸","主沟长":4.8399999999999999,"沟口高":2338,"最大高":4845,"高差_m":2507,"平均比":517.97520699999995,"泥石流":"无","堆积扇":0,"堆积_1":0,"堆积_12":0,"堆积扇_":0,"是否堵":" ","受灾人":" ","死亡_人":" ","失踪_人":" ","受伤_人":" ","直接经":0,"威胁人":0,"威胁财":0,"备注":" ","资料来":"23-帕隆藏布流域海洋性冰川区泥石流特征研究","tem":5.04758,"slope_slop":3.0166300000000001,"slope":26.9163,"rainfall":813.97699999999998,"ndvi":0.65854299999999999,"lith":3,"dem_final":2332,"aspect":138.34399999999999,"hd":110.538}},{"type":"Feature","id":77,"geometry":{"type":"Point","coordinates":[95.254963000000004,30.033449000000001]},"properties":{"FID":77,"新编号":"NSL-083","市_州_":"林芝","县_市_":"波密","乡镇":"古乡","名称":"加龙坝曲","位置":"K4072+400","日期":" ","具体时":" ","经度_小":95.254963000000004,"纬度_小":30.033449000000001,"类型":"沟谷型","灾害类":"冰川型泥石流","灾害性":" ","F_级水":"雅鲁藏布","F_级水_1":"帕隆藏布","F_级水_2":" ","流域面":10.5,"冰川平":31.100000000000001,"冰川面":1516384,"F21":" ","冰川_1":0.14441799999999999,"流量_m":542.59760000000006,"一次固":45.520899999999997,"规模等":"特大型","地形地":"过渡段","相对河":"右岸","主沟长":7.3700000000000001,"沟口高":2357,"最大高":5545,"高差_m":3188,"平均比":432.56445000000002,"泥石流":"有","堆积扇":871,"堆积_1":890,"堆积_12":189645,"堆积扇_":0.018061000000000001,"是否堵":" ","受灾人":" ","死亡_人":" ","失踪_人":" ","受伤_人":" ","直接经":0,"威胁人":0,"威胁财":0,"备注":" ","资料来":"23-帕隆藏布流域海洋性冰川区泥石流特征研究","tem":5.2125500000000002,"slope_slop":2.6060400000000001,"slope":29.442699999999999,"rainfall":819.98400000000004,"ndvi":0.62179399999999996,"lith":2,"dem_final":2353,"aspect":167.90100000000001,"hd":119.47}},{"type":"Feature","id":78,"geometry":{"type":"Point","coordinates":[95.195278000000002,30.057221999999999]},"properties":{"FID":78,"新编号":"NSL-084","市_州_":"林芝","县_市_":"波密","乡镇":"古乡","名称":"茶园弄巴","位置":"K4081+500","日期":" ","具体时":" ","经度_小":95.195278000000002,"纬度_小":30.057221999999999,"类型":"沟谷型","灾害类":"冰川型泥石流","灾害性":" ","F_级水":"雅鲁藏布","F_级水_1":"帕隆藏布","F_级水_2":" ","流域面":50.899999999999999,"冰川平":37.200000000000003,"冰川面":2826075,"F21":" ","冰川_1":0.055522000000000002,"流量_m":1241.5350000000001,"一次固":114.4199,"规模等":"特大型","地形地":"过渡段","相对河":"右岸","主沟长":13.199999999999999,"沟口高":2232,"最大高":4998,"高差_m":2766,"平均比":209.545455,"泥石流":"无","堆积扇":0,"堆积_1":0,"堆积_12":0,"堆积扇_":0,"是否堵":" ","受灾人":" ","死亡_人":" ","失踪_人":" ","受伤_人":" ","直接经":0,"威胁人":0,"威胁财":0,"备注":" ","资料来":"23-帕隆藏布流域海洋性冰川区泥石流特征研究","tem":5.4503399999999997,"slope_slop":2.7088000000000001,"slope":29.747,"rainfall":810.24699999999996,"ndvi":0.66035699999999997,"lith":3,"dem_final":2176,"aspect":180.358,"hd":129.221}},{"type":"Feature","id":79,"geometry":{"type":"Point","coordinates":[95.178888999999998,30.066943999999999]},"properties":{"FID":79,"新编号":"NSL-085","市_州_":"林芝","县_市_":"波密","乡镇":"古乡","名称":"邓西沟","位置":"K4083+600","日期":" ","具体时":" ","经度_小":95.178888999999998,"纬度_小":30.066943999999999,"类型":"沟谷型","灾害类":"冰川型泥石流","灾害性":" ","F_级水":"雅鲁藏布","F_级水_1":"帕隆藏布","F_级水_2":" ","流域面":25.5,"冰川平":32.899999999999999,"冰川面":3769425,"F21":" ","冰川_1":0.14782100000000001,"流量_m":802.23910000000001,"一次固":54.96557,"规模等":"特大型","地形地":"过渡段","相对河":"右岸","主沟长":10,"沟口高":2258,"最大高":5192,"高差_m":2934,"平均比":293.39999999999998,"泥石流":"无","堆积扇":0,"堆积_1":0,"堆积_12":0,"堆积扇_":0,"是否堵":" ","受灾人":" ","死亡_人":" ","失踪_人":" ","受伤_人":" ","直接经":0,"威胁人":0,"威胁财":0,"备注":" ","资料来":"23-帕隆藏布流域海洋性冰川区泥石流特征研究","tem":5.5212700000000003,"slope_slop":2.7284099999999998,"slope":32.645400000000002,"rainfall":724.45399999999995,"ndvi":0.45868900000000001,"lith":3,"dem_final":2234,"aspect":183.81999999999999,"hd":147.40199999999999}},{"type":"Feature","id":80,"geometry":{"type":"Point","coordinates":[95.108846,30.096968]},"properties":{"FID":80,"新编号":"NSL-086","市_州_":"林芝","县_市_":"波密","乡镇":"易贡乡","名称":"通德沟","位置":"K4093+950","日期":" ","具体时":" ","经度_小":95.108846,"纬度_小":30.096968,"类型":"沟谷型","灾害类":"冰川型泥石流","灾害性":" ","F_级水":"雅鲁藏布","F_级水_1":"帕隆藏布","F_级水_2":" ","流域面":28.399999999999999,"冰川平":32.200000000000003,"冰川面":768211,"F21":" ","冰川_1":0.027050000000000001,"流量_m":758.50009999999997,"一次固":51.510039999999996,"规模等":"特大型","地形地":"过渡段","相对河":"右岸","主沟长":8.5399999999999991,"沟口高":2161,"最大高":5311,"高差_m":3150,"平均比":368.85245900000001,"泥石流":"无","堆积扇":0,"堆积_1":0,"堆积_12":0,"堆积扇_":0,"是否堵":" ","受灾人":" ","死亡_人":" ","失踪_人":" ","受伤_人":" ","直接经":0,"威胁人":0,"威胁财":0,"备注":" ","资料来":"23-帕隆藏布流域海洋性冰川区泥石流特征研究","tem":5.7745899999999999,"slope_slop":5.4367599999999996,"slope":30.4253,"rainfall":878.072,"ndvi":0.63594399999999995,"lith":3,"dem_final":2076,"aspect":154.20699999999999,"hd":109.914}},{"type":"Feature","id":81,"geometry":{"type":"Point","coordinates":[95.047222000000005,30.076388999999999]},"properties":{"FID":81,"新编号":"NSL-087","市_州_":"林芝","县_市_":"波密","乡镇":"易贡乡","名称":"K4094+963.5-N3","位置":"K4094+963.5","日期":" ","具体时":" ","经度_小":95.047222000000005,"纬度_小":30.076388999999999,"类型":"沟谷型","灾害类":"冰川型泥石流","灾害性":" ","F_级水":"雅鲁藏布","F_级水_1":"帕隆藏布","F_级水_2":" ","流域面":4.6600000000000001,"冰川平":21.949435000000001,"冰川面":925653,"F21":" ","冰川_1":0.19863800000000001,"流量_m":208.83269999999999,"一次固":9.623011,"规模等":"特大型","地形地":"峡谷","相对河":"右岸","主沟长":3.5099999999999998,"沟口高":2183,"最大高":4201,"高差_m":2018,"平均比":574.92877499999997,"泥石流":"无","堆积扇":0,"堆积_1":0,"堆积_12":0,"堆积扇_":0,"是否堵":" ","受灾人":" ","死亡_人":" ","失踪_人":" ","受伤_人":" ","直接经":0,"威胁人":0,"威胁财":0,"备注":" ","资料来":"23-帕隆藏布流域海洋性冰川区泥石流特征研究","tem":5.8768700000000003,"slope_slop":2.6522600000000001,"slope":33.323599999999999,"rainfall":727.91999999999996,"ndvi":0.44811899999999999,"lith":3,"dem_final":2130,"aspect":120.90300000000001,"hd":151.78800000000001}},{"type":"Feature","id":82,"geometry":{"type":"Point","coordinates":[95.011111,30.041667]},"properties":{"FID":82,"新编号":"NSL-088","市_州_":"林芝","县_市_":"波密","乡镇":"易贡乡","名称":"培龙沟泥石流","位置":"西藏自治区林芝地区波密县易贡乡","日期":"1983-7-28,1985-5-29","具体时":" ","经度_小":95.011111,"纬度_小":30.041667,"类型":"沟谷型","灾害类":"冰川型泥石流","灾害性":" ","F_级水":"雅鲁藏布","F_级水_1":"帕隆藏布","F_级水_2":" ","流域面":86.409999999999997,"冰川平":34,"冰川面":18420000,"F21":" ","冰川_1":0.21317,"流量_m":4950.8000000000002,"一次固":798.10000000000002,"规模等":"特大型","地形地":"峡谷","相对河":"右岸","主沟长":19.100000000000001,"沟口高":2067,"最大高":5595,"高差_m":3528,"平均比":184.712042,"泥石流":"有","堆积扇":236.65000000000001,"堆积_1":255.72999999999999,"堆积_12":30265,"堆积扇_":0.00035,"是否堵":"否","受灾人":" ","死亡_人":" ","失踪_人":" ","受伤_人":" ","直接经":7404.6999999999998,"威胁人":42,"威胁财":500,"备注":"冲毁沟口1孔32m长、10m高的钢筋混凝土桥1座，毁坏公路400m，淤埋推土机2台，汽车1辆、104道班房屋10间。当年先后暴发3次，阻车28天","资料来":"波密县","tem":5.9616899999999999,"slope_slop":2.8809100000000001,"slope":32.097799999999999,"rainfall":774.13900000000001,"ndvi":0.543045,"lith":3,"dem_final":2035,"aspect":140.06999999999999,"hd":148.518}},{"type":"Feature","id":83,"geometry":{"type":"Point","coordinates":[94.734196999999995,29.650794000000001]},"properties":{"FID":83,"新编号":"NSL-089","市_州_":"林芝","县_市_":"巴宜","乡镇":"东久乡","名称":"纳左弄巴","位置":"林芝县东久乡318线111道班南西1KM公路西侧山沟","日期":" ","具体时":" ","经度_小":94.734196999999995,"纬度_小":29.650794000000001,"类型":"沟谷型","灾害类":"暴雨型泥石流","灾害性":"泥石流","F_级水":"雅鲁藏布","F_级水_1":"帕隆藏布","F_级水_2":" ","流域面":17.300000000000001,"冰川平":0,"冰川面":0,"F21":" ","冰川_1":0,"流量_m":305.81900000000002,"一次固":14.92886,"规模等":"特大型","地形地":"峡谷","相对河":"左岸","主沟长":8.2400000000000002,"沟口高":3540,"最大高":4784,"高差_m":1244,"平均比":150.97087400000001,"泥石流":"无","堆积扇":0,"堆积_1":0,"堆积_12":0,"堆积扇_":0,"是否堵":" ","受灾人":" ","死亡_人":" ","失踪_人":" ","受伤_人":" ","直接经":1.5,"威胁人":0,"威胁财":2,"备注":" ","资料来":"林芝县","tem":9.57728,"slope_slop":2.1214300000000001,"slope":18.721599999999999,"rainfall":651.17700000000002,"ndvi":0.374413,"lith":3,"dem_final":3536,"aspect":126.375,"hd":75.902100000000004}},{"type":"Feature","id":84,"geometry":{"type":"Point","coordinates":[94.741667000000007,29.669443999999999]},"properties":{"FID":84,"新编号":"NSL-090","市_州_":"林芝","县_市_":"巴宜","乡镇":"东久乡","名称":"冬巴才东侧沟","位置":"林芝县东久乡东巴村东约300米","日期":" ","具体时":" ","经度_小":94.741667000000007,"纬度_小":29.669443999999999,"类型":"沟谷型","灾害类":"暴雨型泥石流","灾害性":"泥石流","F_级水":"雅鲁藏布","F_级水_1":"帕隆藏布","F_级水_2":" ","流域面":10.300000000000001,"冰川平":0,"冰川面":0,"F21":" ","冰川_1":0,"流量_m":247.8553,"一次固":13.72682,"规模等":"特大型","地形地":"峡谷","相对河":"右岸","主沟长":5.2999999999999998,"沟口高":3566,"最大高":4616,"高差_m":1050,"平均比":198.11320799999999,"泥石流":"有","堆积扇":836.87,"堆积_1":751.13,"堆积_12":583692,"堆积扇_":0.056668999999999997,"是否堵":" ","受灾人":" ","死亡_人":" ","失踪_人":" ","受伤_人":" ","直接经":18,"威胁人":0,"威胁财":10,"备注":" ","资料来":"林芝县","tem":9.4325399999999995,"slope_slop":2.8103699999999998,"slope":14.442600000000001,"rainfall":676.59299999999996,"ndvi":0.53163800000000005,"lith":3,"dem_final":3563,"aspect":226.297,"hd":50.547199999999997}},{"type":"Feature","id":85,"geometry":{"type":"Point","coordinates":[94.739722,29.824722000000001]},"properties":{"FID":85,"新编号":"NSL-091","市_州_":"林芝","县_市_":"巴宜","乡镇":"鲁朗","名称":"集纠浦","位置":"K4146","日期":" ","具体时":" ","经度_小":94.739722,"纬度_小":29.824722000000001,"类型":"沟谷型","灾害类":"冰川型泥石流","灾害性":" ","F_级水":"雅鲁藏布","F_级水_1":"帕隆藏布","F_级水_2":"拉月曲","流域面":33.200000000000003,"冰川平":9.9000000000000004,"冰川面":4605076,"F21":" ","冰川_1":0.138707,"流量_m":536.91189999999995,"一次固":27.83351,"规模等":"特大型","地形地":"峡谷","相对河":"左岸","主沟长":9.6899999999999995,"沟口高":3169,"最大高":4529,"高差_m":1360,"平均比":140.350877,"泥石流":"有","堆积扇":678,"堆积_1":706,"堆积_12":381591,"堆积扇_":0.011494000000000001,"是否堵":" ","受灾人":" ","死亡_人":" ","失踪_人":" ","受伤_人":" ","直接经":0,"威胁人":0,"威胁财":0,"备注":" ","资料来":"23-帕隆藏布流域海洋性冰川区泥石流特征研究","tem":8.9159199999999998,"slope_slop":2.4584600000000001,"slope":17.000299999999999,"rainfall":687.55200000000002,"ndvi":0.64568599999999998,"lith":3,"dem_final":3122,"aspect":125.425,"hd":65.840000000000003}},{"type":"Feature","id":86,"geometry":{"type":"Point","coordinates":[94.756596000000002,29.842981000000002]},"properties":{"FID":86,"新编号":"NSL-092","市_州_":"林芝","县_市_":"巴宜","乡镇":"鲁朗","名称":"波宗沟","位置":"K4143+400","日期":" ","具体时":" ","经度_小":94.756596000000002,"纬度_小":29.842981000000002,"类型":"沟谷型","灾害类":"溃决型泥石流","灾害性":"水石流","F_级水":"雅鲁藏布","F_级水_1":"帕隆藏布","F_级水_2":"拉月曲","流域面":37,"冰川平":15.6,"冰川面":1438071,"F21":" ","冰川_1":0.038866999999999999,"流量_m":530.02909999999997,"一次固":29.354279999999999,"规模等":"特大型","地形地":"峡谷","相对河":"左岸","主沟长":9.5899999999999999,"沟口高":3045,"最大高":4720,"高差_m":1675,"平均比":174.66110499999999,"泥石流":"有","堆积扇":344,"堆积_1":319,"堆积_12":75388,"堆积扇_":0.0020379999999999999,"是否堵":" ","受灾人":" ","死亡_人":" ","失踪_人":" ","受伤_人":" ","直接经":0,"威胁人":0,"威胁财":0,"备注":" ","资料来":"23-帕隆藏布流域海洋性冰川区泥石流特征研究","tem":8.7304999999999993,"slope_slop":3.8989799999999999,"slope":18.902000000000001,"rainfall":699.78300000000002,"ndvi":0.63615500000000003,"lith":3,"dem_final":3041,"aspect":125.04300000000001,"hd":56.470599999999997}},{"type":"Feature","id":87,"geometry":{"type":"Point","coordinates":[94.847260000000006,29.962446]},"properties":{"FID":87,"新编号":"NSL-093","市_州_":"林芝","县_市_":"巴宜","乡镇":"鲁朗","名称":"K4123+820","位置":"107道班上游约5.0km处","日期":" ","具体时":" ","经度_小":94.847260000000006,"纬度_小":29.962446,"类型":"沟谷型","灾害类":"冰川型泥石流","灾害性":" ","F_级水":"雅鲁藏布","F_级水_1":"帕隆藏布","F_级水_2":"拉月曲","流域面":9.75,"冰川平":19.800000000000001,"冰川面":1486390,"F21":" ","冰川_1":0.15245,"流量_m":232.93809999999999,"一次固":8.2381820000000001,"规模等":"特大型","地形地":"峡谷","相对河":"右岸","主沟长":6.5599999999999996,"沟口高":2659,"最大高":4860,"高差_m":2201,"平均比":335.51829300000003,"泥石流":"有","堆积扇":304,"堆积_1":155,"堆积_12":29889,"堆积扇_":0.0030660000000000001,"是否堵":" ","受灾人":" ","死亡_人":" ","失踪_人":" ","受伤_人":" ","直接经":0,"威胁人":0,"威胁财":0,"备注":" ","资料来":"23-帕隆藏布流域海洋性冰川区泥石流特征研究","tem":7.1273799999999996,"slope_slop":2.4777900000000002,"slope":27.630099999999999,"rainfall":682.16800000000001,"ndvi":0.41244999999999998,"lith":2,"dem_final":2534,"aspect":153.72499999999999,"hd":122.916}},{"type":"Feature","id":88,"geometry":{"type":"Point","coordinates":[94.871667000000002,29.985555999999999]},"properties":{"FID":88,"新编号":"NSL-094","市_州_":"林芝","县_市_":"巴宜","乡镇":"东久乡","名称":"拉月泥石流","位置":"林芝县东久乡拉月村","日期":" ","具体时":" ","经度_小":94.871667000000002,"纬度_小":29.985555999999999,"类型":"沟谷型","灾害类":"暴雨型泥石流","灾害性":" ","F_级水":"雅鲁藏布","F_级水_1":"帕隆藏布","F_级水_2":"拉月曲","流域面":3.9100000000000001,"冰川平":0,"冰川面":0,"F21":" ","冰川_1":0,"流量_m":164.50729999999999,"一次固":7.3815099999999996,"规模等":"大型","地形地":"峡谷","相对河":"左岸","主沟长":2.8399999999999999,"沟口高":2668,"最大高":4230,"高差_m":1562,"平均比":550,"泥石流":"无","堆积扇":0,"堆积_1":0,"堆积_12":0,"堆积扇_":0,"是否堵":" ","受灾人":" ","死亡_人":" ","失踪_人":" ","受伤_人":" ","直接经":1.5,"威胁人":0,"威胁财":3,"备注":" ","资料来":"林芝县","tem":7.18485,"slope_slop":2.9266700000000001,"slope":31.886299999999999,"rainfall":732.08799999999997,"ndvi":0.64934999999999998,"lith":3,"dem_final":2466,"aspect":224.12200000000001,"hd":142.62100000000001}},{"type":"Feature","id":89,"geometry":{"type":"Point","coordinates":[94.881626999999995,29.994610000000002]},"properties":{"FID":89,"新编号":"NSL-095","市_州_":"林芝","县_市_":"巴宜","乡镇":"鲁朗","名称":"直龙沟","位置":"K4118+500","日期":" ","具体时":" ","经度_小":94.881626999999995,"纬度_小":29.994610000000002,"类型":"沟谷型","灾害类":"冰川型泥石流","灾害性":" ","F_级水":"雅鲁藏布","F_级水_1":"帕隆藏布","F_级水_2":"拉月曲","流域面":27.899999999999999,"冰川平":36.466667000000001,"冰川面":1293991,"F21":" ","冰川_1":0.046379999999999998,"流量_m":820.51490000000001,"一次固":59.762369999999997,"规模等":"特大型","地形地":"峡谷","相对河":"右岸","主沟长":10.4,"沟口高":2562,"最大高":5551,"高差_m":2989,"平均比":287.40384599999999,"泥石流":"有","堆积扇":915,"堆积_1":956,"堆积_12":731124,"堆积扇_":0.026204999999999999,"是否堵":" ","受灾人":" ","死亡_人":" ","失踪_人":" ","受伤_人":" ","直接经":0,"威胁人":0,"威胁财":0,"备注":" ","资料来":"23-帕隆藏布流域海洋性冰川区泥石流特征研究","tem":6.9784699999999997,"slope_slop":3.5970900000000001,"slope":31.567699999999999,"rainfall":781.97500000000002,"ndvi":0.59279499999999996,"lith":3,"dem_final":2400,"aspect":192.81399999999999,"hd":146.256}},{"type":"Feature","id":90,"geometry":{"type":"Point","coordinates":[94.897913000000003,30.004141000000001]},"properties":{"FID":90,"新编号":"NSL-096","市_州_":"林芝","县_市_":"巴宜","乡镇":"鲁朗","名称":"拉月东沟","位置":"K4116+500","日期":"2014","具体时":" ","经度_小":94.897913000000003,"纬度_小":30.004141000000001,"类型":"沟谷型","灾害类":"冰川型泥石流","灾害性":"水石流","F_级水":"雅鲁藏布","F_级水_1":"帕隆藏布","F_级水_2":"拉月曲","流域面":7.8099999999999996,"冰川平":25.699999999999999,"冰川面":492150,"F21":" ","冰川_1":0.063015000000000002,"流量_m":231.64080000000001,"一次固":10.39382,"规模等":"特大型","地形地":"峡谷","相对河":"右岸","主沟长":5.1500000000000004,"沟口高":2392,"最大高":4933,"高差_m":2541,"平均比":493.39805799999999,"泥石流":"无","堆积扇":0,"堆积_1":0,"堆积_12":0,"堆积扇_":0,"是否堵":" ","受灾人":" ","死亡_人":" ","失踪_人":" ","受伤_人":" ","直接经":0,"威胁人":0,"威胁财":0,"备注":" ","资料来":"23-帕隆藏布流域海洋性冰川区泥石流特征研究","tem":6.8597999999999999,"slope_slop":2.6351,"slope":32.7592,"rainfall":726.70600000000002,"ndvi":0.40198800000000001,"lith":3,"dem_final":2399,"aspect":172.36600000000001,"hd":151.304}},{"type":"Feature","id":91,"geometry":{"type":"Point","coordinates":[94.923761999999996,29.997419000000001]},"properties":{"FID":91,"新编号":"NSL-097","市_州_":"林芝","县_市_":"巴宜","乡镇":"鲁朗","名称":"拉月沟","位置":"K4113+168","日期":" ","具体时":" ","经度_小":94.923761999999996,"纬度_小":29.997419000000001,"类型":"沟谷型","灾害类":"冰川型泥石流","灾害性":" ","F_级水":"雅鲁藏布","F_级水_1":"帕隆藏布","F_级水_2":"拉月曲","流域面":13.4,"冰川平":37.200000000000003,"冰川面":2249333,"F21":" ","冰川_1":0.16786100000000001,"流量_m":580.28340000000003,"一次固":42.265059999999998,"规模等":"特大型","地形地":"峡谷","相对河":"右岸","主沟长":7.3200000000000003,"沟口高":2456,"最大高":5002,"高差_m":2546,"平均比":347.81420800000001,"泥石流":"无","堆积扇":0,"堆积_1":0,"堆积_12":0,"堆积扇_":0,"是否堵":" ","受灾人":" ","死亡_人":" ","失踪_人":" ","受伤_人":" ","直接经":0,"威胁人":0,"威胁财":0,"备注":" ","资料来":"23-帕隆藏布流域海洋性冰川区泥石流特征研究","tem":6.7335700000000003,"slope_slop":3.1079300000000001,"slope":34.489100000000001,"rainfall":696.44299999999998,"ndvi":0.27395000000000003,"lith":3,"dem_final":2370,"aspect":169.89099999999999,"hd":162.09399999999999}},{"type":"Feature","id":92,"geometry":{"type":"Point","coordinates":[94.957704000000007,30.011519]},"properties":{"FID":92,"新编号":"NSL-098","市_州_":"林芝","县_市_":"巴宜","乡镇":"鲁朗","名称":"K4108+674-N5","位置":"K4108+674","日期":" ","具体时":" ","经度_小":94.957704000000007,"纬度_小":30.011519,"类型":"沟谷型","灾害类":"冰川型泥石流","灾害性":" ","F_级水":"雅鲁藏布","F_级水_1":"帕隆藏布","F_级水_2":"拉月曲","流域面":7.0999999999999996,"冰川平":28.899999999999999,"冰川面":740654.69999999995,"F21":" ","冰川_1":0.10431799999999999,"流量_m":236.221,"一次固":10.69458,"规模等":"特大型","地形地":"峡谷","相对河":"右岸","主沟长":5.3700000000000001,"沟口高":2351,"最大高":4916,"高差_m":2565,"平均比":477.65363100000002,"泥石流":"无","堆积扇":0,"堆积_1":0,"堆积_12":0,"堆积扇_":0,"是否堵":" ","受灾人":" ","死亡_人":" ","失踪_人":" ","受伤_人":" ","直接经":0,"威胁人":0,"威胁财":0,"备注":" ","资料来":"23-帕隆藏布流域海洋性冰川区泥石流特征研究","tem":6.6615200000000003,"slope_slop":2.5351900000000001,"slope":31.7668,"rainfall":708.51800000000003,"ndvi":0.33860800000000002,"lith":3,"dem_final":2318,"aspect":151.06100000000001,"hd":141.03700000000001}},{"type":"Feature","id":93,"geometry":{"type":"Point","coordinates":[94.984442000000001,30.008913]},"properties":{"FID":93,"新编号":"NSL-099","市_州_":"林芝","县_市_":"巴宜","乡镇":"鲁朗","名称":"K4105+400~690-N7","位置":"K4105+400","日期":" ","具体时":" ","经度_小":94.984442000000001,"纬度_小":30.008913,"类型":"沟谷型","灾害类":"冰川型泥石流","灾害性":" ","F_级水":"雅鲁藏布","F_级水_1":"帕隆藏布","F_级水_2":" ","流域面":8.0999999999999996,"冰川平":28.149999999999999,"冰川面":994396.5,"F21":" ","冰川_1":0.122765,"流量_m":282.39240000000001,"一次固":12.78492,"规模等":"特大型","地形地":"峡谷","相对河":"左岸","主沟长":5.1799999999999997,"沟口高":2142,"最大高":4313,"高差_m":2171,"平均比":419.11196899999999,"泥石流":"无","堆积扇":0,"堆积_1":0,"堆积_12":0,"堆积扇_":0,"是否堵":" ","受灾人":" ","死亡_人":" ","失踪_人":" ","受伤_人":" ","直接经":0,"威胁人":0,"威胁财":0,"备注":" ","资料来":"23-帕隆藏布流域海洋性冰川区泥石流特征研究","tem":6.9267899999999996,"slope_slop":3.6188600000000002,"slope":34.400399999999998,"rainfall":705.09699999999998,"ndvi":0.40292499999999998,"lith":2,"dem_final":2152,"aspect":172.69900000000001,"hd":165.82400000000001}},{"type":"Feature","id":94,"geometry":{"type":"Point","coordinates":[94.997221999999994,30.019722000000002]},"properties":{"FID":94,"新编号":"NSL-100","市_州_":"林芝","县_市_":"巴宜","乡镇":"鲁朗","名称":"K4103+938-N4","位置":"K4103+938","日期":" ","具体时":" ","经度_小":94.997221999999994,"纬度_小":30.019722000000002,"类型":"沟谷型","灾害类":"冰川型泥石流","灾害性":" ","F_级水":"雅鲁藏布","F_级水_1":"帕隆藏布","F_级水_2":" ","流域面":20.399999999999999,"冰川平":25.399999999999999,"冰川面":816825,"F21":" ","冰川_1":0.040039999999999999,"流量_m":468.39120000000003,"一次固":34.115369999999999,"规模等":"特大型","地形地":"峡谷","相对河":"右岸","主沟长":10.300000000000001,"沟口高":2094,"最大高":5253,"高差_m":3159,"平均比":306.699029,"泥石流":"无","堆积扇":0,"堆积_1":0,"堆积_12":0,"堆积扇_":0,"是否堵":" ","受灾人":" ","死亡_人":" ","失踪_人":" ","受伤_人":" ","直接经":0,"威胁人":0,"威胁财":0,"备注":" ","资料来":"23-帕隆藏布流域海洋性冰川区泥石流特征研究","tem":6.4245400000000004,"slope_slop":3.1875100000000001,"slope":31.180900000000001,"rainfall":713.10000000000002,"ndvi":0.30154599999999998,"lith":3,"dem_final":2046,"aspect":135.02699999999999,"hd":138.91300000000001}},{"type":"Feature","id":95,"geometry":{"type":"Point","coordinates":[95.026239000000004,30.018725]},"properties":{"FID":95,"新编号":"NSL-101","市_州_":"林芝","县_市_":"巴宜","乡镇":"鲁朗","名称":"帕隆藏布1#泥石流","位置":" ","日期":" ","具体时":" ","经度_小":95.026239000000004,"纬度_小":30.018725,"类型":"沟谷型","灾害类":"暴雨型泥石流","灾害性":" ","F_级水":"雅鲁藏布","F_级水_1":"帕隆藏布","F_级水_2":" ","流域面":12,"冰川平":0,"冰川面":0,"F21":" ","冰川_1":0,"流量_m":318.6139,"一次固":21.251799999999999,"规模等":"特大型","地形地":"峡谷","相对河":"左岸","主沟长":6.8200000000000003,"沟口高":2035,"最大高":4108,"高差_m":2073,"平均比":303.95894399999997,"泥石流":"无","堆积扇":0,"堆积_1":0,"堆积_12":0,"堆积扇_":0,"是否堵":" ","受灾人":" ","死亡_人":" ","失踪_人":" ","受伤_人":" ","直接经":0,"威胁人":0,"威胁财":0,"备注":" ","资料来":"扎木弄沟地质灾害调查与危险性评价","tem":5.6444400000000003,"slope_slop":2.7753100000000002,"slope":32.671300000000002,"rainfall":765.00599999999997,"ndvi":0.55994200000000005,"lith":3,"dem_final":2036,"aspect":237.666,"hd":145.63}},{"type":"Feature","id":96,"geometry":{"type":"Point","coordinates":[95.054086999999996,29.997754]},"properties":{"FID":96,"新编号":"NSL-102","市_州_":"林芝","县_市_":"林芝","乡镇":"鲁朗镇","名称":"鲁朗镇1#","位置":" ","日期":" ","具体时":" ","经度_小":95.054086999999996,"纬度_小":29.997754,"类型":"沟谷型","灾害类":"暴雨型泥石流","灾害性":" ","F_级水":"雅鲁藏布","F_级水_1":"帕隆藏布","F_级水_2":" ","流域面":6.7300000000000004,"冰川平":0,"冰川面":0,"F21":" ","冰川_1":0,"流量_m":223.77119999999999,"一次固":10.130929999999999,"规模等":"特大型","地形地":"峡谷","相对河":"左岸","主沟长":4.6100000000000003,"沟口高":2025,"最大高":4061,"高差_m":2036,"平均比":441.64859000000001,"泥石流":"无","堆积扇":0,"堆积_1":0,"堆积_12":0,"堆积扇_":0,"是否堵":" ","受灾人":" ","死亡_人":" ","失踪_人":" ","受伤_人":" ","直接经":0,"威胁人":0,"威胁财":0,"备注":" ","资料来":" ","tem":6.0641499999999997,"slope_slop":3.1707399999999999,"slope":32.400500000000001,"rainfall":869.64599999999996,"ndvi":0.66951300000000002,"lith":3,"dem_final":1912,"aspect":114.935,"hd":144.54400000000001}},{"type":"Feature","id":97,"geometry":{"type":"Point","coordinates":[95.059489999999997,29.993193000000002]},"properties":{"FID":97,"新编号":"NSL-103","市_州_":"林芝","县_市_":"林芝","乡镇":"鲁朗镇","名称":"鲁朗镇2#","位置":" ","日期":" ","具体时":" ","经度_小":95.059489999999997,"纬度_小":29.993193000000002,"类型":"沟谷型","灾害类":"暴雨型泥石流","灾害性":" ","F_级水":"雅鲁藏布","F_级水_1":"帕隆藏布","F_级水_2":" ","流域面":13.199999999999999,"冰川平":0,"冰川面":0,"F21":" ","冰川_1":0,"流量_m":333.0487,"一次固":22.04196,"规模等":"特大型","地形地":"峡谷","相对河":"左岸","主沟长":8,"沟口高":2016,"最大高":4926,"高差_m":2910,"平均比":363.75,"泥石流":"无","堆积扇":0,"堆积_1":0,"堆积_12":0,"堆积扇_":0,"是否堵":" ","受灾人":" ","死亡_人":" ","失踪_人":" ","受伤_人":" ","直接经":0,"威胁人":0,"威胁财":0,"备注":" ","资料来":" ","tem":6.0204000000000004,"slope_slop":4.76213,"slope":24.7956,"rainfall":956.67999999999995,"ndvi":0.55952999999999997,"lith":3,"dem_final":1954,"aspect":154.96299999999999,"hd":52.580599999999997}},{"type":"Feature","id":98,"geometry":{"type":"Point","coordinates":[95.058301,29.985423999999998]},"properties":{"FID":98,"新编号":"NSL-104","市_州_":"林芝","县_市_":"林芝","乡镇":"鲁朗镇","名称":"鲁朗镇3#","位置":" ","日期":" ","具体时":" ","经度_小":95.058301,"纬度_小":29.985423999999998,"类型":"沟谷型","灾害类":"冰川型泥石流","灾害性":" ","F_级水":"雅鲁藏布","F_级水_1":"帕隆藏布","F_级水_2":" ","流域面":13.199999999999999,"冰川平":27.5,"冰川面":1693909.75,"F21":" ","冰川_1":0.128326,"流量_m":315.89760000000001,"一次固":20.715800000000002,"规模等":"特大型","地形地":"峡谷","相对河":"右岸","主沟长":9.9000000000000004,"沟口高":2058,"最大高":4656,"高差_m":2598,"平均比":262.42424199999999,"泥石流":"无","堆积扇":0,"堆积_1":0,"堆积_12":0,"堆积扇_":0,"是否堵":" ","受灾人":" ","死亡_人":" ","失踪_人":" ","受伤_人":" ","直接经":0,"威胁人":0,"威胁财":0,"备注":" ","资料来":" ","tem":6.0565100000000003,"slope_slop":3.9581200000000001,"slope":25.548400000000001,"rainfall":946.524,"ndvi":0.55135800000000001,"lith":3,"dem_final":1915,"aspect":138.678,"hd":110.404}},{"type":"Feature","id":99,"geometry":{"type":"Point","coordinates":[95.057361,29.981002]},"properties":{"FID":99,"新编号":"NSL-105","市_州_":"林芝","县_市_":"林芝","乡镇":"鲁朗镇","名称":"鲁朗镇4#","位置":" ","日期":" ","具体时":" ","经度_小":95.057361,"纬度_小":29.981002,"类型":"沟谷型","灾害类":"暴雨型泥石流","灾害性":" ","F_级水":"雅鲁藏布","F_级水_1":"帕隆藏布","F_级水_2":" ","流域面":14.9,"冰川平":0,"冰川面":0,"F21":" ","冰川_1":0,"流量_m":337.87439999999998,"一次固":22.15699,"规模等":"特大型","地形地":"峡谷","相对河":"左岸","主沟长":9.5399999999999991,"沟口高":2019,"最大高":5281,"高差_m":3262,"平均比":341.928721,"泥石流":"无","堆积扇":0,"堆积_1":0,"堆积_12":0,"堆积扇_":0,"是否堵":" ","受灾人":" ","死亡_人":" ","失踪_人":" ","受伤_人":" ","直接经":0,"威胁人":0,"威胁财":0,"备注":" ","资料来":" ","tem":6.7309599999999996,"slope_slop":3.0700099999999999,"slope":30.0379,"rainfall":715.40099999999995,"ndvi":0.35161799999999999,"lith":2,"dem_final":1902,"aspect":143.93100000000001,"hd":136.45099999999999}},{"type":"Feature","id":100,"geometry":{"type":"Point","coordinates":[95.075795999999997,29.972045999999999]},"properties":{"FID":100,"新编号":"NSL-106","市_州_":"林芝","县_市_":"林芝","乡镇":"鲁朗镇","名称":"鲁朗镇5#","位置":" ","日期":" ","具体时":" ","经度_小":95.075795999999997,"纬度_小":29.972045999999999,"类型":"沟谷型","灾害类":"冰川型泥石流","灾害性":" ","F_级水":"雅鲁藏布","F_级水_1":"帕隆藏布","F_级水_2":" ","流域面":12.199999999999999,"冰川平":35.700000000000003,"冰川面":75109.649999999994,"F21":" ","冰川_1":0.0061570000000000001,"流量_m":259.14729999999997,"一次固":17.285329999999998,"规模等":"特大型","地形地":"峡谷","相对河":"右岸","主沟长":9.2400000000000002,"沟口高":1938,"最大高":5021,"高差_m":3083,"平均比":333.65800899999999,"泥石流":"无","堆积扇":0,"堆积_1":0,"堆积_12":0,"堆积扇_":0,"是否堵":" ","受灾人":" ","死亡_人":" ","失踪_人":" ","受伤_人":" ","直接经":0,"威胁人":0,"威胁财":0,"备注":" ","资料来":" ","tem":6.0053400000000003,"slope_slop":3.51274,"slope":37.855200000000004,"rainfall":859.30200000000002,"ndvi":0.66278000000000004,"lith":3,"dem_final":1860,"aspect":157.15899999999999,"hd":157.09299999999999}},{"type":"Feature","id":101,"geometry":{"type":"Point","coordinates":[95.082500999999993,29.967531000000001]},"properties":{"FID":101,"新编号":"NSL-107","市_州_":"林芝","县_市_":"林芝","乡镇":"鲁朗镇","名称":"鲁朗镇6#","位置":" ","日期":" ","具体时":" ","经度_小":95.082500999999993,"纬度_小":29.967531000000001,"类型":"沟谷型","灾害类":"冰川型泥石流","灾害性":" ","F_级水":"雅鲁藏布","F_级水_1":"帕隆藏布","F_级水_2":" ","流域面":25.800000000000001,"冰川平":27,"冰川面":741015.69999999995,"F21":" ","冰川_1":0.028722000000000001,"流量_m":646.38639999999998,"一次固":49.48113,"规模等":"特大型","地形地":"峡谷","相对河":"左岸","主沟长":11.1,"沟口高":1976,"最大高":5096,"高差_m":3120,"平均比":281.08108099999998,"泥石流":"无","堆积扇":0,"堆积_1":0,"堆积_12":0,"堆积扇_":0,"是否堵":" ","受灾人":" ","死亡_人":" ","失踪_人":" ","受伤_人":" ","直接经":0,"威胁人":0,"威胁财":0,"备注":" ","资料来":" ","tem":5.8784900000000002,"slope_slop":2.8731,"slope":34.777999999999999,"rainfall":900.04300000000001,"ndvi":0.63675199999999998,"lith":3,"dem_final":1859,"aspect":73.971199999999996,"hd":158.77500000000001}},{"type":"Feature","id":102,"geometry":{"type":"Point","coordinates":[95.107129999999998,29.926946000000001]},"properties":{"FID":102,"新编号":"NSL-108","市_州_":"林芝","县_市_":"林芝","乡镇":"鲁朗镇","名称":"鲁朗镇7#","位置":" ","日期":" ","具体时":" ","经度_小":95.107129999999998,"纬度_小":29.926946000000001,"类型":"沟谷型","灾害类":"暴雨型泥石流","灾害性":" ","F_级水":"雅鲁藏布","F_级水_1":"帕隆藏布","F_级水_2":" ","流域面":14.699999999999999,"冰川平":0,"冰川面":0,"F21":" ","冰川_1":0,"流量_m":387.20949999999999,"一次固":25.39227,"规模等":"特大型","地形地":"峡谷","相对河":"左岸","主沟长":7.5300000000000002,"沟口高":1870,"最大高":4517,"高差_m":2647,"平均比":351.52722399999999,"泥石流":"无","堆积扇":0,"堆积_1":0,"堆积_12":0,"堆积扇_":0,"是否堵":" ","受灾人":" ","死亡_人":" ","失踪_人":" ","受伤_人":" ","直接经":0,"威胁人":0,"威胁财":0,"备注":" ","资料来":" ","tem":5.6173099999999998,"slope_slop":3.0545,"slope":30.825500000000002,"rainfall":976.08799999999997,"ndvi":0.68282100000000001,"lith":3,"dem_final":1836,"aspect":148.839,"hd":135.55600000000001}},{"type":"Feature","id":103,"geometry":{"type":"Point","coordinates":[95.102422000000004,29.920514000000001]},"properties":{"FID":103,"新编号":"NSL-109","市_州_":"林芝","县_市_":"巴宜","乡镇":"鲁朗","名称":"帕隆藏布2#泥石流","位置":" ","日期":" ","具体时":" ","经度_小":95.102422000000004,"纬度_小":29.920514000000001,"类型":"沟谷型","灾害类":"冰川型泥石流","灾害性":" ","F_级水":"雅鲁藏布","F_级水_1":"帕隆藏布","F_级水_2":" ","流域面":111,"冰川平":27.440000000000001,"冰川面":10851346,"F21":" ","冰川_1":0.09776,"流量_m":2503.4920000000002,"一次固":230.7218,"规模等":"特大型","地形地":"峡谷","相对河":"右岸","主沟长":20.800000000000001,"沟口高":1831,"最大高":7097,"高差_m":5266,"平均比":253.17307700000001,"泥石流":"无","堆积扇":0,"堆积_1":0,"堆积_12":0,"堆积扇_":0,"是否堵":" ","受灾人":" ","死亡_人":" ","失踪_人":" ","受伤_人":" ","直接经":0,"威胁人":0,"威胁财":0,"备注":" ","资料来":"扎木弄沟地质灾害调查与危险性评价","tem":5.6173099999999998,"slope_slop":3.0545,"slope":30.825500000000002,"rainfall":976.08799999999997,"ndvi":0.68282100000000001,"lith":3,"dem_final":1771,"aspect":148.839,"hd":135.55600000000001}},{"type":"Feature","id":104,"geometry":{"type":"Point","coordinates":[95.115613999999994,29.896485999999999]},"properties":{"FID":104,"新编号":"NSL-110","市_州_":"林芝","县_市_":"巴宜","乡镇":"鲁朗","名称":"帕隆藏布13#泥石流","位置":" ","日期":" ","具体时":" ","经度_小":95.115613999999994,"纬度_小":29.896485999999999,"类型":"沟谷型","灾害类":"暴雨型泥石流","灾害性":" ","F_级水":"雅鲁藏布","F_级水_1":"帕隆藏布","F_级水_2":" ","流域面":9.2899999999999991,"冰川平":0,"冰川面":0,"F21":" ","冰川_1":0,"流量_m":305.20710000000003,"一次固":13.817830000000001,"规模等":"特大型","地形地":"峡谷","相对河":"右岸","主沟长":4.5999999999999996,"沟口高":1693,"最大高":3127,"高差_m":1434,"平均比":311.73912999999999,"泥石流":"有","堆积扇":348.45999999999998,"堆积_1":180.09,"堆积_12":39075,"堆积扇_":0.0042059999999999997,"是否堵":" ","受灾人":" ","死亡_人":" ","失踪_人":" ","受伤_人":" ","直接经":0,"威胁人":0,"威胁财":0,"备注":" ","资料来":"扎木弄沟地质灾害调查与危险性评价","tem":5.9737999999999998,"slope_slop":3.1103499999999999,"slope":26.183599999999998,"rainfall":1068.8599999999999,"ndvi":0.63115900000000003,"lith":3,"dem_final":1667,"aspect":112.553,"hd":112.584}},{"type":"Feature","id":105,"geometry":{"type":"Point","coordinates":[94.486140000000006,29.427976999999998]},"properties":{"FID":105,"新编号":"NSL-111","市_州_":"林芝","县_市_":"米林","乡镇":"羌纳乡","名称":"当扎沟","位置":"西藏自治区米林县羌纳乡当扎村","日期":" ","具体时":" ","经度_小":94.486140000000006,"纬度_小":29.427976999999998,"类型":"沟谷型","灾害类":"冰川型泥石流","灾害性":"泥石流","F_级水":"雅鲁藏布","F_级水_1":" ","F_级水_2":" ","流域面":61.399999999999999,"冰川平":26.399999999999999,"冰川面":8166164,"F21":" ","冰川_1":0.13299900000000001,"流量_m":1259.4690000000001,"一次固":90.101399999999998,"规模等":"特大型","地形地":"宽谷","相对河":"右岸","主沟长":13.300000000000001,"沟口高":2997,"最大高":5089,"高差_m":2092,"平均比":157.29323299999999,"泥石流":"有","堆积扇":2670.21,"堆积_1":3573.3099999999999,"堆积_12":3700597,"堆积扇_":0.060269999999999997,"是否堵":" ","受灾人":" ","死亡_人":" ","失踪_人":" ","受伤_人":" ","直接经":0,"威胁人":17,"威胁财":37.275599999999997,"备注":" ","资料来":"西藏灾害-泥石流","tem":10.325200000000001,"slope_slop":0.51587300000000003,"slope":2.69991,"rainfall":741.12699999999995,"ndvi":0.26406299999999999,"lith":3,"dem_final":2927,"aspect":166.74600000000001,"hd":9.3984100000000002}},{"type":"Feature","id":106,"geometry":{"type":"Point","coordinates":[94.524721999999997,29.427222]},"properties":{"FID":106,"新编号":"NSL-112","市_州_":"林芝","县_市_":"米林","乡镇":"羌纳乡","名称":"娘龙沟","位置":"西藏自治区米林县羌纳乡娘龙村","日期":" ","具体时":" ","经度_小":94.524721999999997,"纬度_小":29.427222,"类型":"沟谷型","灾害类":"暴雨型泥石流","灾害性":"泥石流","F_级水":"雅鲁藏布","F_级水_1":" ","F_级水_2":" ","流域面":8.3599999999999994,"冰川平":0,"冰川面":0,"F21":" ","冰川_1":0,"流量_m":258.56490000000002,"一次固":8.1019749999999995,"规模等":"特大型","地形地":"宽谷","相对河":"右岸","主沟长":3.46,"沟口高":3158,"最大高":4398,"高差_m":1240,"平均比":358.38150300000001,"泥石流":"有","堆积扇":773,"堆积_1":959,"堆积_12":557658,"堆积扇_":0.066706000000000001,"是否堵":" ","受灾人":" ","死亡_人":" ","失踪_人":" ","受伤_人":" ","直接经":0,"威胁人":146,"威胁财":189.06999999999999,"备注":" ","资料来":"西藏灾害-泥石流","tem":10.2698,"slope_slop":1.41072,"slope":11.852499999999999,"rainfall":723.08399999999995,"ndvi":0.42287599999999997,"lith":3,"dem_final":2945,"aspect":183.221,"hd":47.955300000000001}},{"type":"Feature","id":107,"geometry":{"type":"Point","coordinates":[94.544443999999999,29.437778000000002]},"properties":{"FID":107,"新编号":"NSL-113","市_州_":"林芝","县_市_":"米林","乡镇":"羌纳乡","名称":"结果沟","位置":"西藏自治区米林县羌纳乡伦巴村","日期":" ","具体时":" ","经度_小":94.544443999999999,"纬度_小":29.437778000000002,"类型":"沟谷型","灾害类":"冰川型泥石流","灾害性":"泥石流","F_级水":"雅鲁藏布","F_级水_1":" ","F_级水_2":" ","流域面":35.399999999999999,"冰川平":23.800000000000001,"冰川面":2726180,"F21":" ","冰川_1":0.077010999999999996,"流量_m":702.69749999999999,"一次固":37.702809999999999,"规模等":"特大型","地形地":"宽谷","相对河":"左岸","主沟长":9.3599999999999994,"沟口高":2992,"最大高":5085,"高差_m":2093,"平均比":223.61111099999999,"泥石流":"有","堆积扇":1370.6400000000001,"堆积_1":3925.02,"堆积_12":2680134,"堆积扇_":0.07571,"是否堵":" ","受灾人":" ","死亡_人":" ","失踪_人":" ","受伤_人":" ","直接经":0,"威胁人":94,"威胁财":146.52000000000001,"备注":" ","资料来":"西藏灾害-泥石流","tem":10.2629,"slope_slop":1.32647,"slope":10.201499999999999,"rainfall":728.37699999999995,"ndvi":0.43532100000000001,"lith":3,"dem_final":2943,"aspect":203.10900000000001,"hd":40.042700000000004}},{"type":"Feature","id":108,"geometry":{"type":"Point","coordinates":[94.585832999999994,29.461110999999999]},"properties":{"FID":108,"新编号":"NSL-114","市_州_":"林芝","县_市_":"米林","乡镇":"羌纳乡","名称":"巴玛沟","位置":"西藏自治区米林县羌纳乡米尼村","日期":" ","具体时":" ","经度_小":94.585832999999994,"纬度_小":29.461110999999999,"类型":"沟谷型","灾害类":"暴雨型泥石流","灾害性":"泥石流","F_级水":"雅鲁藏布","F_级水_1":" ","F_级水_2":" ","流域面":3.8999999999999999,"冰川平":0,"冰川面":0,"F21":" ","冰川_1":0,"流量_m":136.08779999999999,"一次固":3.7703950000000002,"规模等":"大型","地形地":"宽谷","相对河":"右岸","主沟长":2.29,"沟口高":3085,"最大高":4164,"高差_m":1079,"平均比":471.17903899999999,"泥石流":"有","堆积扇":645.22000000000003,"堆积_1":862.19000000000005,"堆积_12":258048,"堆积扇_":0.066166000000000003,"是否堵":" ","受灾人":" ","死亡_人":" ","失踪_人":" ","受伤_人":" ","直接经":0,"威胁人":0,"威胁财":38.5,"备注":" ","资料来":"西藏灾害-泥石流","tem":10.290800000000001,"slope_slop":1.9116899999999999,"slope":16.443899999999999,"rainfall":721.19500000000005,"ndvi":0.32529000000000002,"lith":3,"dem_final":2936,"aspect":198.43899999999999,"hd":70.059700000000007}},{"type":"Feature","id":109,"geometry":{"type":"Point","coordinates":[94.547631999999993,29.494260000000001]},"properties":{"FID":109,"新编号":"NSL-115","市_州_":"林芝","县_市_":"米林","乡镇":"派镇","名称":"打莫","位置":"西藏自治区米林县派镇雪嘎村","日期":" ","具体时":" ","经度_小":94.547631999999993,"纬度_小":29.494260000000001,"类型":"沟谷型","灾害类":"暴雨型泥石流","灾害性":"水石流","F_级水":"雅鲁藏布","F_级水_1":" ","F_级水_2":" ","流域面":6.9500000000000002,"冰川平":0,"冰川面":0,"F21":" ","冰川_1":0,"流量_m":219.38730000000001,"一次固":7.6704829999999999,"规模等":"特大型","地形地":"宽谷","相对河":"右岸","主沟长":3.54,"沟口高":3140,"最大高":4510,"高差_m":1370,"平均比":387.00565,"泥石流":"有","堆积扇":764.19000000000005,"堆积_1":1048.77,"堆积_12":398879,"堆积扇_":0.057393,"是否堵":" ","受灾人":" ","死亡_人":" ","失踪_人":" ","受伤_人":" ","直接经":0,"威胁人":20,"威胁财":24.008700000000001,"备注":" ","资料来":"西藏灾害-泥石流","tem":10.282400000000001,"slope_slop":2.1955200000000001,"slope":20.479700000000001,"rainfall":688.76099999999997,"ndvi":0.49340699999999998,"lith":3,"dem_final":3130,"aspect":158.364,"hd":87.576899999999995}},{"type":"Feature","id":110,"geometry":{"type":"Point","coordinates":[94.690078,29.472905000000001]},"properties":{"FID":110,"新编号":"NSL-116","市_州_":"林芝","县_市_":"米林","乡镇":"丹娘乡","名称":"给嘎","位置":"西藏自治区米林县丹娘乡朗嘎村","日期":" ","具体时":" ","经度_小":94.690078,"纬度_小":29.472905000000001,"类型":"沟谷型","灾害类":"暴雨型泥石流","灾害性":"泥石流","F_级水":"雅鲁藏布","F_级水_1":" ","F_级水_2":" ","流域面":4.6699999999999999,"冰川平":0,"冰川面":0,"F21":" ","冰川_1":0,"流量_m":165.07480000000001,"一次固":5.7715449999999997,"规模等":"大型","地形地":"宽谷","相对河":"左岸","主沟长":2.8399999999999999,"沟口高":3198,"最大高":4608,"高差_m":1410,"平均比":496.47887300000002,"泥石流":"有","堆积扇":580,"堆积_1":609,"堆积_12":321699,"堆积扇_":0.068886000000000003,"是否堵":" ","受灾人":" ","死亡_人":" ","失踪_人":" ","受伤_人":" ","直接经":0,"威胁人":0,"威胁财":33.25,"备注":" ","资料来":"西藏灾害-泥石流","tem":9.9420900000000003,"slope_slop":2.14832,"slope":27.659400000000002,"rainfall":684.85699999999997,"ndvi":0.41687999999999997,"lith":3,"dem_final":3041,"aspect":205.06399999999999,"hd":126.31999999999999}},{"type":"Feature","id":111,"geometry":{"type":"Point","coordinates":[94.724999999999994,29.442499999999999]},"properties":{"FID":111,"新编号":"NSL-117","市_州_":"林芝","县_市_":"米林","乡镇":"丹娘乡","名称":"多孔沟","位置":"西藏自治区米林县丹娘乡四村","日期":" ","具体时":" ","经度_小":94.724999999999994,"纬度_小":29.442499999999999,"类型":"沟谷型","灾害类":"冰川型泥石流","灾害性":"泥石流","F_级水":"雅鲁藏布","F_级水_1":" ","F_级水_2":" ","流域面":100,"冰川平":30.760000000000002,"冰川面":11076017,"F21":" ","冰川_1":0.11076,"流量_m":2302.473,"一次固":186.46709999999999,"规模等":"特大型","地形地":"宽谷","相对河":"右岸","主沟长":16.699999999999999,"沟口高":2979,"最大高":5768,"高差_m":2789,"平均比":167.005988,"泥石流":"有","堆积扇":3242.2600000000002,"堆积_1":4941.4300000000003,"堆积_12":5233209,"堆积扇_":0.052331999999999997,"是否堵":" ","受灾人":" ","死亡_人":" ","失踪_人":" ","受伤_人":" ","直接经":0,"威胁人":0,"威胁财":31.5,"备注":" ","资料来":"西藏灾害-泥石流","tem":9.8597900000000003,"slope_slop":2.4377499999999999,"slope":25.960999999999999,"rainfall":706.46199999999999,"ndvi":0.51285199999999997,"lith":3,"dem_final":2960,"aspect":188.99100000000001,"hd":112.134}},{"type":"Feature","id":112,"geometry":{"type":"Point","coordinates":[94.757221999999999,29.486388999999999]},"properties":{"FID":112,"新编号":"NSL-118","市_州_":"林芝","县_市_":"米林","乡镇":"丹娘乡","名称":"索布沟","位置":"西藏自治区米林县丹娘乡桑巴村","日期":" ","具体时":" ","经度_小":94.757221999999999,"纬度_小":29.486388999999999,"类型":"沟谷型","灾害类":"冰川型泥石流","灾害性":"泥石流","F_级水":"雅鲁藏布","F_级水_1":" ","F_级水_2":" ","流域面":52.200000000000003,"冰川平":22.899999999999999,"冰川面":716388,"F21":" ","冰川_1":0.013724,"流量_m":976.24329999999998,"一次固":71.301689999999994,"规模等":"特大型","地形地":"宽谷","相对河":"左岸","主沟长":8.0999999999999996,"沟口高":3013,"最大高":4749,"高差_m":1736,"平均比":214.320988,"泥石流":"有","堆积扇":1558.1099999999999,"堆积_1":2065.8699999999999,"堆积_12":3627608,"堆积扇_":0.069494,"是否堵":" ","受灾人":" ","死亡_人":" ","失踪_人":" ","受伤_人":" ","直接经":0,"威胁人":0,"威胁财":60,"备注":" ","资料来":"西藏灾害-泥石流","tem":9.7671700000000001,"slope_slop":2.2358699999999998,"slope":25.487400000000001,"rainfall":681.79200000000003,"ndvi":0.40595500000000001,"lith":3,"dem_final":2940,"aspect":168.98400000000001,"hd":111.809}},{"type":"Feature","id":113,"geometry":{"type":"Point","coordinates":[94.793888999999993,29.458888999999999]},"properties":{"FID":113,"新编号":"NSL-119","市_州_":"林芝","县_市_":"米林","乡镇":"丹娘乡","名称":"丹娘乡拥古沟","位置":"西藏自治区米林县丹娘乡仲沙村","日期":" ","具体时":" ","经度_小":94.793888999999993,"纬度_小":29.458888999999999,"类型":"沟谷型","灾害类":"冰川型泥石流","灾害性":"泥石流","F_级水":"雅鲁藏布","F_级水_1":" ","F_级水_2":" ","流域面":21.300000000000001,"冰川平":32.299999999999997,"冰川面":645216.80000000005,"F21":" ","冰川_1":0.030291999999999999,"流量_m":339.99459999999999,"一次固":18.036580000000001,"规模等":"特大型","地形地":"宽谷","相对河":"右岸","主沟长":6.4699999999999998,"沟口高":3109,"最大高":5177,"高差_m":2068,"平均比":319.62905699999999,"泥石流":"有","堆积扇":620,"堆积_1":719,"堆积_12":904693,"堆积扇_":0.042473999999999998,"是否堵":" ","受灾人":" ","死亡_人":" ","失踪_人":" ","受伤_人":" ","直接经":0,"威胁人":77,"威胁财":379.68790000000001,"备注":" ","资料来":"西藏灾害-泥石流","tem":9.8127300000000002,"slope_slop":1.7011099999999999,"slope":10.7216,"rainfall":786.54600000000005,"ndvi":0.33931,"lith":3,"dem_final":2949,"aspect":77.957300000000004,"hd":38.015900000000002}},{"type":"Feature","id":114,"geometry":{"type":"Point","coordinates":[94.827500000000001,29.460277999999999]},"properties":{"FID":114,"新编号":"NSL-120","市_州_":"林芝","县_市_":"米林","乡镇":"丹娘乡","名称":"丹娘东久沟","位置":"西藏自治区米林县丹娘乡蹦嘎村","日期":" ","具体时":" ","经度_小":94.827500000000001,"纬度_小":29.460277999999999,"类型":"沟谷型","灾害类":"冰川型泥石流","灾害性":"泥石流","F_级水":"雅鲁藏布","F_级水_1":" ","F_级水_2":" ","流域面":66.299999999999997,"冰川平":29.527273000000001,"冰川面":7368552.2000000002,"F21":" ","冰川_1":0.11114,"流量_m":1139.973,"一次固":92.321370000000002,"规模等":"特大型","地形地":"宽谷","相对河":"右岸","主沟长":11.6,"沟口高":2970,"最大高":5258,"高差_m":2288,"平均比":197.24137899999999,"泥石流":"有","堆积扇":2011.28,"堆积_1":1390.99,"堆积_12":1139342,"堆积扇_":0.017184999999999999,"是否堵":" ","受灾人":" ","死亡_人":" ","失踪_人":" ","受伤_人":" ","直接经":0,"威胁人":0,"威胁财":110,"备注":" ","资料来":"西藏灾害-泥石流","tem":9.7307299999999994,"slope_slop":2.4356399999999998,"slope":23.104600000000001,"rainfall":726.24099999999999,"ndvi":0.57693099999999997,"lith":3,"dem_final":2935,"aspect":216.50700000000001,"hd":98.513300000000001}},{"type":"Feature","id":115,"geometry":{"type":"Point","coordinates":[94.880555999999999,29.514721999999999]},"properties":{"FID":115,"新编号":"NSL-121","市_州_":"林芝","县_市_":"米林","乡镇":"派镇","名称":"珠布泥石流","位置":"西藏自治区米林县派镇派四村","日期":" ","具体时":" ","经度_小":94.880555999999999,"纬度_小":29.514721999999999,"类型":"沟谷型","灾害类":"冰川型泥石流","灾害性":"泥石流","F_级水":"雅鲁藏布","F_级水_1":"珠布","F_级水_2":" ","流域面":40.600000000000001,"冰川平":28.120000000000001,"冰川面":4653307.9000000004,"F21":" ","冰川_1":0.11461300000000001,"流量_m":586.88980000000004,"一次固":31.134270000000001,"规模等":"特大型","地形地":"宽谷","相对河":"右岸","主沟长":10.800000000000001,"沟口高":3001,"最大高":4884,"高差_m":1883,"平均比":174.35185200000001,"泥石流":"有","堆积扇":816.04999999999995,"堆积_1":1057.2,"堆积_12":615672,"堆积扇_":0.015164,"是否堵":" ","受灾人":" ","死亡_人":" ","失踪_人":" ","受伤_人":" ","直接经":0,"威胁人":0,"威胁财":20,"备注":" ","资料来":"西藏灾害-泥石流","tem":9.3831900000000008,"slope_slop":2.8624299999999998,"slope":27.575399999999998,"rainfall":677.81399999999996,"ndvi":0.27782899999999999,"lith":3,"dem_final":2936,"aspect":149.78700000000001,"hd":122.47199999999999}},{"type":"Feature","id":116,"geometry":{"type":"Point","coordinates":[94.894443999999993,29.528888999999999]},"properties":{"FID":116,"新编号":"NSL-122","市_州_":"林芝","县_市_":"米林","乡镇":"派镇","名称":"蹦嘎泥石流","位置":"西藏自治区米林县派镇达乃村","日期":" ","具体时":" ","经度_小":94.894443999999993,"纬度_小":29.528888999999999,"类型":"沟谷型","灾害类":"冰川型泥石流","灾害性":"泥石流","F_级水":"雅鲁藏布","F_级水_1":"蹦嘎","F_级水_2":" ","流域面":21.800000000000001,"冰川平":31.149999999999999,"冰川面":1073615.1000000001,"F21":" ","冰川_1":0.049248,"流量_m":307.74740000000003,"一次固":15.7675,"规模等":"特大型","地形地":"宽谷","相对河":"右岸","主沟长":7.9900000000000002,"沟口高":3011,"最大高":5364,"高差_m":2353,"平均比":294.49311599999999,"泥石流":"有","堆积扇":930.78999999999996,"堆积_1":842.15999999999997,"堆积_12":397445,"堆积扇_":0.018231000000000001,"是否堵":" ","受灾人":" ","死亡_人":" ","失踪_人":" ","受伤_人":" ","直接经":0,"威胁人":0,"威胁财":15,"备注":" ","资料来":"西藏灾害-泥石流","tem":9.3408700000000007,"slope_slop":1.9548300000000001,"slope":9.0071600000000007,"rainfall":778.44399999999996,"ndvi":0.34561999999999998,"lith":3,"dem_final":3016,"aspect":211.536,"hd":33.1479}},{"type":"Feature","id":117,"geometry":{"type":"Point","coordinates":[94.879142999999999,29.549469999999999]},"properties":{"FID":117,"新编号":"NSL-123","市_州_":"林芝","县_市_":"米林","乡镇":"派镇","名称":"吞柏沟","位置":"西藏自治区米林县派镇吞柏村","日期":" ","具体时":" ","经度_小":94.879142999999999,"纬度_小":29.549469999999999,"类型":"沟谷型","灾害类":"冰川型泥石流","灾害性":"泥石流","F_级水":"雅鲁藏布","F_级水_1":" ","F_级水_2":" ","流域面":58.399999999999999,"冰川平":13.800000000000001,"冰川面":4407154,"F21":" ","冰川_1":0.075465000000000004,"流量_m":603.78660000000002,"一次固":44.098640000000003,"规模等":"特大型","地形地":"宽谷","相对河":"左岸","主沟长":10.5,"沟口高":3258,"最大高":4798,"高差_m":1540,"平均比":146.66666699999999,"泥石流":"有","堆积扇":1738.78,"堆积_1":3151.1999999999998,"堆积_12":1998938,"堆积扇_":0.034228000000000001,"是否堵":" ","受灾人":" ","死亡_人":" ","失踪_人":" ","受伤_人":" ","直接经":0,"威胁人":150,"威胁财":199.56739999999999,"备注":" ","资料来":"西藏灾害-泥石流","tem":9.1684199999999993,"slope_slop":2.4185500000000002,"slope":23.470099999999999,"rainfall":725.29700000000003,"ndvi":0.53015699999999999,"lith":3,"dem_final":2917,"aspect":113.342,"hd":98.8523}},{"type":"Feature","id":118,"geometry":{"type":"Point","coordinates":[94.939999999999998,29.605833000000001]},"properties":{"FID":118,"新编号":"NSL-124","市_州_":"林芝","县_市_":"米林","乡镇":"派镇","名称":"直白村则隆弄","位置":"西藏自治区米林县派镇直白村","日期":" ","具体时":" ","经度_小":94.939999999999998,"纬度_小":29.605833000000001,"类型":"沟谷型","灾害类":"冰川型泥石流","灾害性":"泥石流","F_级水":"雅鲁藏布","F_级水_1":"则笼弄","F_级水_2":" ","流域面":40,"冰川平":34.033332999999999,"冰川面":9148850,"F21":" ","冰川_1":0.22872100000000001,"流量_m":1129.0920000000001,"一次固":78.042820000000006,"规模等":"特大型","地形地":"过渡段","相对河":"右岸","主沟长":11.9,"沟口高":2903,"最大高":7549,"高差_m":4646,"平均比":390.42016799999999,"泥石流":"有","堆积扇":787.15999999999997,"堆积_1":443.77999999999997,"堆积_12":225554,"堆积扇_":0.0056389999999999999,"是否堵":" ","受灾人":" ","死亡_人":" ","失踪_人":" ","受伤_人":" ","直接经":0,"威胁人":0,"威胁财":500,"备注":" ","资料来":"西藏灾害-泥石流","tem":8.8312299999999997,"slope_slop":4.9579300000000002,"slope":26.787600000000001,"rainfall":752.36300000000006,"ndvi":0.50337100000000001,"lith":3,"dem_final":2899,"aspect":246.268,"hd":104.992}},{"type":"Feature","id":119,"geometry":{"type":"Point","coordinates":[94.931944000000001,29.626111000000002]},"properties":{"FID":119,"新编号":"NSL-126","市_州_":"林芝","县_市_":"米林","乡镇":"派镇","名称":"直白村不隆弄","位置":"西藏自治区米林县派镇直白村","日期":" ","具体时":" ","经度_小":94.931944000000001,"纬度_小":29.626111000000002,"类型":"沟谷型","灾害类":"冰川型泥石流","灾害性":"泥石流","F_级水":"雅鲁藏布","F_级水_1":"不隆弄","F_级水_2":" ","流域面":12.6,"冰川平":36.399999999999999,"冰川面":808238.19999999995,"F21":" ","冰川_1":0.064145999999999995,"流量_m":257.73230000000001,"一次固":17.814450000000001,"规模等":"特大型","地形地":"过渡段","相对河":"右岸","主沟长":7.5199999999999996,"沟口高":2844,"最大高":6317,"高差_m":3473,"平均比":461.835106,"泥石流":"有","堆积扇":136.49000000000001,"堆积_1":342.38999999999999,"堆积_12":36186,"堆积扇_":0.002872,"是否堵":" ","受灾人":" ","死亡_人":" ","失踪_人":" ","受伤_人":" ","直接经":0,"威胁人":0,"威胁财":0.20000000000000001,"备注":" ","资料来":"西藏灾害-泥石流","tem":8.7938700000000001,"slope_slop":2.72281,"slope":32.139699999999998,"rainfall":690.27200000000005,"ndvi":0.37026199999999998,"lith":3,"dem_final":2911,"aspect":231.63800000000001,"hd":148.41499999999999}},{"type":"Feature","id":120,"geometry":{"type":"Point","coordinates":[94.875874999999994,29.634613999999999]},"properties":{"FID":120,"新编号":"NSL-127","市_州_":"林芝","县_市_":"米林","乡镇":"派镇","名称":"无人区1#","位置":" ","日期":" ","具体时":" ","经度_小":94.875874999999994,"纬度_小":29.634613999999999,"类型":"沟谷型","灾害类":"暴雨型泥石流","灾害性":" ","F_级水":"雅鲁藏布","F_级水_1":" ","F_级水_2":" ","流域面":50.799999999999997,"冰川平":0,"冰川面":0,"F21":" ","冰川_1":0,"流量_m":683.44090000000006,"一次固":55.348869999999998,"规模等":"特大型","地形地":"过渡段","相对河":"左岸","主沟长":11.300000000000001,"沟口高":2854,"最大高":4931,"高差_m":2077,"平均比":183.80530999999999,"泥石流":"无","堆积扇":0,"堆积_1":0,"堆积_12":0,"堆积扇_":0,"是否堵":" ","受灾人":" ","死亡_人":" ","失踪_人":" ","受伤_人":" ","直接经":0,"威胁人":0,"威胁财":0,"备注":" ","资料来":" ","tem":8.8017400000000006,"slope_slop":3.14133,"slope":24.453900000000001,"rainfall":769.64200000000005,"ndvi":0.54797499999999999,"lith":3,"dem_final":2781,"aspect":179.16300000000001,"hd":102.613}},{"type":"Feature","id":121,"geometry":{"type":"Point","coordinates":[94.919190999999998,29.676687999999999]},"properties":{"FID":121,"新编号":"NSL-128","市_州_":"林芝","县_市_":"米林","乡镇":"派镇","名称":"无人区2#","位置":" ","日期":" ","具体时":" ","经度_小":94.919190999999998,"纬度_小":29.676687999999999,"类型":"沟谷型","灾害类":"暴雨型泥石流","灾害性":" ","F_级水":"雅鲁藏布","F_级水_1":" ","F_级水_2":" ","流域面":12.800000000000001,"冰川平":0,"冰川面":0,"F21":" ","冰川_1":0,"流量_m":289.03910000000002,"一次固":22.126059999999999,"规模等":"特大型","地形地":"过渡段","相对河":"右岸","主沟长":7.6200000000000001,"沟口高":2826,"最大高":6383,"高差_m":3557,"平均比":466.79790000000003,"泥石流":"有","堆积扇":111,"堆积_1":63.899999999999999,"堆积_12":6201,"堆积扇_":0.000484,"是否堵":" ","受灾人":" ","死亡_人":" ","失踪_人":" ","受伤_人":" ","直接经":0,"威胁人":0,"威胁财":0,"备注":" ","资料来":" ","tem":8.7076799999999999,"slope_slop":2.9376600000000002,"slope":33.766100000000002,"rainfall":731.23699999999997,"ndvi":0.54554400000000003,"lith":3,"dem_final":2773,"aspect":240.483,"hd":146.23099999999999}},{"type":"Feature","id":122,"geometry":{"type":"Point","coordinates":[94.888371000000006,29.688714000000001]},"properties":{"FID":122,"新编号":"NSL-129","市_州_":"林芝","县_市_":"米林","乡镇":"派镇","名称":"无人区3#","位置":" ","日期":" ","具体时":" ","经度_小":94.888371000000006,"纬度_小":29.688714000000001,"类型":"沟谷型","灾害类":"暴雨型泥石流","灾害性":" ","F_级水":"雅鲁藏布","F_级水_1":" ","F_级水_2":" ","流域面":18,"冰川平":0,"冰川面":0,"F21":" ","冰川_1":0,"流量_m":368.6986,"一次固":28.224019999999999,"规模等":"特大型","地形地":"过渡段","相对河":"左岸","主沟长":8.0999999999999996,"沟口高":2806,"最大高":4932,"高差_m":2126,"平均比":262.46913599999999,"泥石流":"有","堆积扇":69.5,"堆积_1":55,"堆积_12":3566,"堆积扇_":0.00019799999999999999,"是否堵":" ","受灾人":" ","死亡_人":" ","失踪_人":" ","受伤_人":" ","直接经":0,"威胁人":0,"威胁财":0,"备注":" ","资料来":" ","tem":8.9738500000000005,"slope_slop":2.84259,"slope":24.3735,"rainfall":759.98900000000003,"ndvi":0.51116899999999998,"lith":3,"dem_final":2803,"aspect":165.02699999999999,"hd":84.2273}},{"type":"Feature","id":123,"geometry":{"type":"Point","coordinates":[94.905047999999994,29.712569999999999]},"properties":{"FID":123,"新编号":"NSL-130","市_州_":"林芝","县_市_":"米林","乡镇":"派镇","名称":"无人区4#","位置":" ","日期":" ","具体时":" ","经度_小":94.905047999999994,"纬度_小":29.712569999999999,"类型":"沟谷型","灾害类":"冰川型泥石流","灾害性":" ","F_级水":"雅鲁藏布","F_级水_1":" ","F_级水_2":" ","流域面":65,"冰川平":29.899999999999999,"冰川面":2984683,"F21":" ","冰川_1":0.045918,"流量_m":943.08960000000002,"一次固":86.915130000000005,"规模等":"特大型","地形地":"过渡段","相对河":"左岸","主沟长":12.5,"沟口高":2860,"最大高":5195,"高差_m":2335,"平均比":186.80000000000001,"泥石流":"无","堆积扇":0,"堆积_1":0,"堆积_12":0,"堆积扇_":0,"是否堵":" ","受灾人":" ","死亡_人":" ","失踪_人":" ","受伤_人":" ","直接经":0,"威胁人":0,"威胁财":0,"备注":" ","资料来":" ","tem":8.7111699999999992,"slope_slop":2.7423299999999999,"slope":25.406500000000001,"rainfall":738.178,"ndvi":0.55343699999999996,"lith":3,"dem_final":2780,"aspect":249.066,"hd":109.648}},{"type":"Feature","id":124,"geometry":{"type":"Point","coordinates":[95.013642000000004,29.758434999999999]},"properties":{"FID":124,"新编号":"NSL-132","市_州_":"林芝","县_市_":"米林","乡镇":"派镇","名称":"无人区5#","位置":" ","日期":" ","具体时":" ","经度_小":95.013642000000004,"纬度_小":29.758434999999999,"类型":"沟谷型","灾害类":"冰川型泥石流","灾害性":" ","F_级水":"雅鲁藏布","F_级水_1":" ","F_级水_2":" ","流域面":18.100000000000001,"冰川平":30.600000000000001,"冰川面":4592462.75,"F21":" ","冰川_1":0.25372699999999998,"流量_m":504.52609999999999,"一次固":31.559920000000002,"规模等":"特大型","地形地":"峡谷","相对河":"右岸","主沟长":8.5600000000000005,"沟口高":2659,"最大高":6187,"高差_m":3528,"平均比":412.14953300000002,"泥石流":"有","堆积扇":317,"堆积_1":68.700000000000003,"堆积_12":18308,"堆积扇_":0.001011,"是否堵":" ","受灾人":" ","死亡_人":" ","失踪_人":" ","受伤_人":" ","直接经":0,"威胁人":0,"威胁财":0,"备注":" ","资料来":" ","tem":8.2915799999999997,"slope_slop":3.5531100000000002,"slope":30.094200000000001,"rainfall":762.03800000000001,"ndvi":0.51316799999999996,"lith":3,"dem_final":2644,"aspect":129.89599999999999,"hd":132.721}},{"type":"Feature","id":125,"geometry":{"type":"Point","coordinates":[95.028270000000006,29.747845000000002]},"properties":{"FID":125,"新编号":"NSL-133","市_州_":"林芝","县_市_":"米林","乡镇":"派镇","名称":"无人区6#","位置":" ","日期":" ","具体时":" ","经度_小":95.028270000000006,"纬度_小":29.747845000000002,"类型":"沟谷型","灾害类":"冰川型泥石流","灾害性":" ","F_级水":"雅鲁藏布","F_级水_1":" ","F_级水_2":" ","流域面":8.2799999999999994,"冰川平":30.300000000000001,"冰川面":1335076,"F21":" ","冰川_1":0.161241,"流量_m":226.7654,"一次固":9.5480920000000005,"规模等":"特大型","地形地":"峡谷","相对河":"右岸","主沟长":4.6799999999999997,"沟口高":2635,"最大高":4826,"高差_m":2191,"平均比":468.16239300000001,"泥石流":"无","堆积扇":0,"堆积_1":0,"堆积_12":0,"堆积扇_":0,"是否堵":" ","受灾人":" ","死亡_人":" ","失踪_人":" ","受伤_人":" ","直接经":0,"威胁人":0,"威胁财":0,"备注":" ","资料来":" ","tem":8.3488000000000007,"slope_slop":2.7587000000000002,"slope":31.768799999999999,"rainfall":716.66099999999994,"ndvi":0.28927599999999998,"lith":3,"dem_final":2630,"aspect":139.66200000000001,"hd":146.41900000000001}},{"type":"Feature","id":126,"geometry":{"type":"Point","coordinates":[95.073713999999995,29.737103000000001]},"properties":{"FID":126,"新编号":"NSL-134","市_州_":"林芝","县_市_":"米林","乡镇":"派镇","名称":"无人区7#","位置":" ","日期":" ","具体时":" ","经度_小":95.073713999999995,"纬度_小":29.737103000000001,"类型":"沟谷型","灾害类":"冰川型泥石流","灾害性":" ","F_级水":"雅鲁藏布","F_级水_1":" ","F_级水_2":" ","流域面":38.5,"冰川平":32.899999999999999,"冰川面":8677304,"F21":" ","冰川_1":0.225385,"流量_m":1072.9300000000001,"一次固":74.160929999999993,"规模等":"特大型","地形地":"峡谷","相对河":"右岸","主沟长":11.5,"沟口高":2499,"最大高":6942,"高差_m":4443,"平均比":386.347826,"泥石流":"无","堆积扇":0,"堆积_1":0,"堆积_12":0,"堆积扇_":0,"是否堵":" ","受灾人":" ","死亡_人":" ","失踪_人":" ","受伤_人":" ","直接经":0,"威胁人":0,"威胁财":0,"备注":" ","资料来":" ","tem":8.0078300000000002,"slope_slop":3.61341,"slope":30.5548,"rainfall":784.72900000000004,"ndvi":0.44065500000000002,"lith":3,"dem_final":2482,"aspect":233.34800000000001,"hd":134.46799999999999}},{"type":"Feature","id":127,"geometry":{"type":"Point","coordinates":[95.109206999999998,29.740200000000002]},"properties":{"FID":127,"新编号":"NSL-135","市_州_":"林芝","县_市_":"米林","乡镇":"派镇","名称":"无人区8#","位置":" ","日期":" ","具体时":" ","经度_小":95.109206999999998,"纬度_小":29.740200000000002,"类型":"沟谷型","灾害类":"冰川型泥石流","灾害性":" ","F_级水":"雅鲁藏布","F_级水_1":" ","F_级水_2":" ","流域面":13.6,"冰川平":29.100000000000001,"冰川面":1758191.7,"F21":" ","冰川_1":0.12927900000000001,"流量_m":413.50900000000001,"一次固":31.65428,"规模等":"特大型","地形地":"峡谷","相对河":"右岸","主沟长":6.6699999999999999,"沟口高":2402,"最大高":5521,"高差_m":3119,"平均比":467.61619200000001,"泥石流":"无","堆积扇":0,"堆积_1":0,"堆积_12":0,"堆积扇_":0,"是否堵":" ","受灾人":" ","死亡_人":" ","失踪_人":" ","受伤_人":" ","直接经":0,"威胁人":0,"威胁财":0,"备注":" ","资料来":" ","tem":7.4226200000000002,"slope_slop":4.8704700000000001,"slope":38.093800000000002,"rainfall":791.57299999999998,"ndvi":0.40615400000000002,"lith":3,"dem_final":2426,"aspect":175.97800000000001,"hd":195.131}},{"type":"Feature","id":128,"geometry":{"type":"Point","coordinates":[95.149528000000004,29.760560000000002]},"properties":{"FID":128,"新编号":"NSL-136","市_州_":"林芝","县_市_":"米林","乡镇":"派镇","名称":"无人区9#","位置":" ","日期":" ","具体时":" ","经度_小":95.149528000000004,"纬度_小":29.760560000000002,"类型":"沟谷型","灾害类":"冰川型泥石流","灾害性":" ","F_级水":"雅鲁藏布","F_级水_1":" ","F_级水_2":" ","流域面":41.799999999999997,"冰川平":31.600000000000001,"冰川面":6135454.2599999998,"F21":" ","冰川_1":0.14678099999999999,"流量_m":1010.311,"一次固":73.58623,"规模等":"特大型","地形地":"峡谷","相对河":"右岸","主沟长":12.5,"沟口高":2416,"最大高":6659,"高差_m":4243,"平均比":339.44,"泥石流":"无","堆积扇":0,"堆积_1":0,"堆积_12":0,"堆积扇_":0,"是否堵":" ","受灾人":" ","死亡_人":" ","失踪_人":" ","受伤_人":" ","直接经":0,"威胁人":0,"威胁财":0,"备注":" ","资料来":" ","tem":7.3404199999999999,"slope_slop":3.7329699999999999,"slope":31.761500000000002,"rainfall":801.18200000000002,"ndvi":0.57454400000000005,"lith":3,"dem_final":2329,"aspect":183.55600000000001,"hd":138.56100000000001}},{"type":"Feature","id":129,"geometry":{"type":"Point","coordinates":[95.179005000000004,29.759361999999999]},"properties":{"FID":129,"新编号":"NSL-137","市_州_":"林芝","县_市_":"米林","乡镇":"派镇","名称":"无人区10#","位置":" ","日期":" ","具体时":" ","经度_小":95.179005000000004,"纬度_小":29.759361999999999,"类型":"沟谷型","灾害类":"暴雨型泥石流","灾害性":" ","F_级水":"雅鲁藏布","F_级水_1":" ","F_级水_2":" ","流域面":7.1399999999999997,"冰川平":0,"冰川面":0,"F21":" ","冰川_1":0,"流量_m":327.83640000000003,"一次固":17.542660000000001,"规模等":"特大型","地形地":"峡谷","相对河":"右岸","主沟长":5.2699999999999996,"沟口高":2254,"最大高":5080,"高差_m":2826,"平均比":536.242884,"泥石流":"无","堆积扇":0,"堆积_1":0,"堆积_12":0,"堆积扇_":0,"是否堵":" ","受灾人":" ","死亡_人":" ","失踪_人":" ","受伤_人":" ","直接经":0,"威胁人":0,"威胁财":0,"备注":" ","资料来":" ","tem":7.2143100000000002,"slope_slop":3.4239199999999999,"slope":37.893700000000003,"rainfall":706.37599999999998,"ndvi":0.25797999999999999,"lith":3,"dem_final":2241,"aspect":135.791,"hd":182.45599999999999}},{"type":"Feature","id":130,"geometry":{"type":"Point","coordinates":[95.183470999999997,29.757428999999998]},"properties":{"FID":130,"新编号":"NSL-138","市_州_":"林芝","县_市_":"米林","乡镇":"派镇","名称":"无人区11#","位置":" ","日期":" ","具体时":" ","经度_小":95.183470999999997,"纬度_小":29.757428999999998,"类型":"沟谷型","灾害类":"暴雨型泥石流","灾害性":" ","F_级水":"雅鲁藏布","F_级水_1":" ","F_级水_2":" ","流域面":4.7800000000000002,"冰川平":0,"冰川面":0,"F21":" ","冰川_1":0,"流量_m":308.2731,"一次固":17.241589999999999,"规模等":"特大型","地形地":"峡谷","相对河":"右岸","主沟长":2.9199999999999999,"沟口高":2323,"最大高":3616,"高差_m":1293,"平均比":442.80821900000001,"泥石流":"无","堆积扇":0,"堆积_1":0,"堆积_12":0,"堆积扇_":0,"是否堵":" ","受灾人":" ","死亡_人":" ","失踪_人":" ","受伤_人":" ","直接经":0,"威胁人":0,"威胁财":0,"备注":" ","资料来":" ","tem":7.0708700000000002,"slope_slop":4.1704400000000001,"slope":31.4114,"rainfall":891.36500000000001,"ndvi":0.55991599999999997,"lith":3,"dem_final":2312,"aspect":86.637900000000002,"hd":131.143}},{"type":"Feature","id":131,"geometry":{"type":"Point","coordinates":[95.146451999999996,29.798090999999999]},"properties":{"FID":131,"新编号":"NSL-139","市_州_":"林芝","县_市_":"米林","乡镇":"派镇","名称":"无人区14#","位置":" ","日期":" ","具体时":" ","经度_小":95.146451999999996,"纬度_小":29.798090999999999,"类型":"沟谷型","灾害类":"暴雨型泥石流","灾害性":" ","F_级水":"雅鲁藏布","F_级水_1":" ","F_级水_2":" ","流域面":6.0999999999999996,"冰川平":0,"冰川面":0,"F21":" ","冰川_1":0,"流量_m":274.1961,"一次固":13.993220000000001,"规模等":"特大型","地形地":"峡谷","相对河":"左岸","主沟长":3.8599999999999999,"沟口高":1961,"最大高":3348,"高差_m":1387,"平均比":359.32642499999997,"泥石流":"无","堆积扇":0,"堆积_1":0,"堆积_12":0,"堆积扇_":0,"是否堵":" ","受灾人":" ","死亡_人":" ","失踪_人":" ","受伤_人":" ","直接经":0,"威胁人":0,"威胁财":0,"备注":" ","资料来":" ","tem":6.9699600000000004,"slope_slop":3.73603,"slope":35.110100000000003,"rainfall":875.73599999999999,"ndvi":0.50005299999999997,"lith":3,"dem_final":1947,"aspect":186.38,"hd":170.36099999999999}},{"type":"Feature","id":132,"geometry":{"type":"Point","coordinates":[95.098583000000005,29.827390999999999]},"properties":{"FID":132,"新编号":"NSL-140","市_州_":"林芝","县_市_":"米林","乡镇":"派镇","名称":"无人区15#","位置":" ","日期":" ","具体时":" ","经度_小":95.098583000000005,"纬度_小":29.827390999999999,"类型":"沟谷型","灾害类":"暴雨型泥石流","灾害性":" ","F_级水":"雅鲁藏布","F_级水_1":" ","F_级水_2":" ","流域面":25.399999999999999,"冰川平":0,"冰川面":0,"F21":" ","冰川_1":0,"流量_m":1076.854,"一次固":82.433570000000003,"规模等":"特大型","地形地":"峡谷","相对河":"左岸","主沟长":6.6100000000000003,"沟口高":1791,"最大高":4383,"高差_m":2592,"平均比":392.13313199999999,"泥石流":"无","堆积扇":0,"堆积_1":0,"堆积_12":0,"堆积扇_":0,"是否堵":" ","受灾人":" ","死亡_人":" ","失踪_人":" ","受伤_人":" ","直接经":0,"威胁人":0,"威胁财":0,"备注":" ","资料来":" ","tem":7.2291400000000001,"slope_slop":3.47167,"slope":37.157499999999999,"rainfall":918.09500000000003,"ndvi":0.560029,"lith":3,"dem_final":1788,"aspect":180.398,"hd":180.434}},{"type":"Feature","id":133,"geometry":{"type":"Point","coordinates":[95.114193,29.873871000000001]},"properties":{"FID":133,"新编号":"NSL-141","市_州_":"林芝","县_市_":"米林","乡镇":"派镇","名称":"无人区16#","位置":" ","日期":" ","具体时":" ","经度_小":95.114193,"纬度_小":29.873871000000001,"类型":"沟谷型","灾害类":"冰川型泥石流","灾害性":" ","F_级水":"雅鲁藏布","F_级水_1":" ","F_级水_2":" ","流域面":44.200000000000003,"冰川平":28,"冰川面":4961445.3899999997,"F21":" ","冰川_1":0.11225,"流量_m":1273.838,"一次固":92.780259999999998,"规模等":"特大型","地形地":"峡谷","相对河":"左岸","主沟长":13.9,"沟口高":1619,"最大高":6209,"高差_m":4590,"平均比":330.21582699999999,"泥石流":"无","堆积扇":0,"堆积_1":0,"堆积_12":0,"堆积扇_":0,"是否堵":" ","受灾人":" ","死亡_人":" ","失踪_人":" ","受伤_人":" ","直接经":0,"威胁人":0,"威胁财":0,"备注":" ","资料来":" ","tem":6.5604199999999997,"slope_slop":3.3820299999999999,"slope":27.223600000000001,"rainfall":1020.61,"ndvi":0.64570000000000005,"lith":3,"dem_final":1574,"aspect":143.542,"hd":116.371}},{"type":"Feature","id":134,"geometry":{"type":"Point","coordinates":[95.161313000000007,29.901530000000001]},"properties":{"FID":134,"新编号":"NSL-142","市_州_":"林芝","县_市_":"墨脱","乡镇":"甘登乡","名称":"甘登乡泥石流沟1","位置":" ","日期":" ","具体时":" ","经度_小":95.161313000000007,"纬度_小":29.901530000000001,"类型":"沟谷型","灾害类":"暴雨型泥石流","灾害性":" ","F_级水":"雅鲁藏布","F_级水_1":" ","F_级水_2":" ","流域面":26.699999999999999,"冰川平":0,"冰川面":0,"F21":" ","冰川_1":0,"流量_m":927.58879999999999,"一次固":71.007289999999998,"规模等":"特大型","地形地":"峡谷","相对河":"左岸","主沟长":9.2300000000000004,"沟口高":1586,"最大高":5070,"高差_m":3484,"平均比":377.464789,"泥石流":"无","堆积扇":0,"堆积_1":0,"堆积_12":0,"堆积扇_":0,"是否堵":" ","受灾人":" ","死亡_人":" ","失踪_人":" ","受伤_人":" ","直接经":0,"威胁人":0,"威胁财":0,"备注":" ","资料来":" ","tem":5.6405399999999997,"slope_slop":5.4503899999999996,"slope":33.289200000000001,"rainfall":1079.3399999999999,"ndvi":0.63788699999999998,"lith":3,"dem_final":1618,"aspect":162.375,"hd":131.64099999999999}},{"type":"Feature","id":135,"geometry":{"type":"Point","coordinates":[95.185153999999997,29.896346000000001]},"properties":{"FID":135,"新编号":"NSL-143","市_州_":"林芝","县_市_":"墨脱","乡镇":"甘登乡","名称":"甘登乡泥石流沟2","位置":" ","日期":" ","具体时":" ","经度_小":95.185153999999997,"纬度_小":29.896346000000001,"类型":"沟谷型","灾害类":"暴雨型泥石流","灾害性":" ","F_级水":"雅鲁藏布","F_级水_1":" ","F_级水_2":" ","流域面":7.29,"冰川平":0,"冰川面":0,"F21":" ","冰川_1":0,"流量_m":196.38220000000001,"一次固":8.0312459999999994,"规模等":"大型","地形地":"峡谷","相对河":"左岸","主沟长":6,"沟口高":1569,"最大高":4394,"高差_m":2825,"平均比":470.83333299999998,"泥石流":"有","堆积扇":169,"堆积_1":50,"堆积_12":12453,"堆积扇_":0.0017080000000000001,"是否堵":" ","受灾人":" ","死亡_人":" ","失踪_人":" ","受伤_人":" ","直接经":0,"威胁人":0,"威胁财":0,"备注":" ","资料来":" ","tem":5.2793599999999996,"slope_slop":2.87141,"slope":36.0349,"rainfall":991.98000000000002,"ndvi":0.66147,"lith":3,"dem_final":1493,"aspect":135.238,"hd":165.738}},{"type":"Feature","id":136,"geometry":{"type":"Point","coordinates":[95.214900999999998,29.879601000000001]},"properties":{"FID":136,"新编号":"NSL-144","市_州_":"林芝","县_市_":"墨脱","乡镇":"甘登乡","名称":"雅鲁藏布1#泥石流","位置":" ","日期":" ","具体时":" ","经度_小":95.214900999999998,"纬度_小":29.879601000000001,"类型":"沟谷型","灾害类":"冰川型泥石流","灾害性":" ","F_级水":"雅鲁藏布","F_级水_1":" ","F_级水_2":" ","流域面":40.700000000000003,"冰川平":26.050000000000001,"冰川面":2289438,"F21":" ","冰川_1":0.056252000000000003,"流量_m":945.404,"一次固":57.423090000000002,"规模等":"特大型","地形地":"峡谷","相对河":"左岸","主沟长":9.9900000000000002,"沟口高":1450,"最大高":5228,"高差_m":3778,"平均比":378.178178,"泥石流":"无","堆积扇":0,"堆积_1":0,"堆积_12":0,"堆积扇_":0,"是否堵":" ","受灾人":" ","死亡_人":" ","失踪_人":" ","受伤_人":" ","直接经":0,"威胁人":0,"威胁财":0,"备注":" ","资料来":"扎木弄沟地质灾害调查与危险性评价","tem":4.8188399999999998,"slope_slop":3.9399000000000002,"slope":37.237000000000002,"rainfall":902.51800000000003,"ndvi":0.54073400000000005,"lith":3,"dem_final":1420,"aspect":185.221,"hd":177.52699999999999}},{"type":"Feature","id":137,"geometry":{"type":"Point","coordinates":[95.221937999999994,29.817043999999999]},"properties":{"FID":137,"新编号":"NSL-145","市_州_":"林芝","县_市_":"墨脱","乡镇":"甘登乡","名称":"甘登乡泥石流沟3","位置":" ","日期":" ","具体时":" ","经度_小":95.221937999999994,"纬度_小":29.817043999999999,"类型":"沟谷型","灾害类":"暴雨型泥石流","灾害性":" ","F_级水":"雅鲁藏布","F_级水_1":" ","F_级水_2":" ","流域面":13.4,"冰川平":0,"冰川面":0,"F21":" ","冰川_1":0,"流量_m":324.12889999999999,"一次固":17.951039999999999,"规模等":"特大型","地形地":"峡谷","相对河":"左岸","主沟长":6.9000000000000004,"沟口高":1347,"最大高":3797,"高差_m":2450,"平均比":355.07246400000002,"泥石流":"无","堆积扇":0,"堆积_1":0,"堆积_12":0,"堆积扇_":0,"是否堵":" ","受灾人":" ","死亡_人":" ","失踪_人":" ","受伤_人":" ","直接经":0,"威胁人":0,"威胁财":0,"备注":" ","资料来":" ","tem":6.2789200000000003,"slope_slop":3.9791099999999999,"slope":32.072299999999998,"rainfall":1000.47,"ndvi":0.64676500000000003,"lith":3,"dem_final":1498,"aspect":180.61600000000001,"hd":158.03800000000001}},{"type":"Feature","id":138,"geometry":{"type":"Point","coordinates":[95.226827,29.815266999999999]},"properties":{"FID":138,"新编号":"NSL-146","市_州_":"林芝","县_市_":"墨脱","乡镇":"甘登乡","名称":"甘登乡泥石流沟4","位置":" ","日期":" ","具体时":" ","经度_小":95.226827,"纬度_小":29.815266999999999,"类型":"沟谷型","灾害类":"暴雨型泥石流","灾害性":" ","F_级水":"雅鲁藏布","F_级水_1":" ","F_级水_2":" ","流域面":5.5199999999999996,"冰川平":0,"冰川面":0,"F21":" ","冰川_1":0,"流量_m":155.88980000000001,"一次固":5.3875520000000003,"规模等":"大型","地形地":"峡谷","相对河":"左岸","主沟长":4.4800000000000004,"沟口高":1288,"最大高":3831,"高差_m":2543,"平均比":567.63392899999997,"泥石流":"无","堆积扇":0,"堆积_1":0,"堆积_12":0,"堆积扇_":0,"是否堵":" ","受灾人":" ","死亡_人":" ","失踪_人":" ","受伤_人":" ","直接经":0,"威胁人":0,"威胁财":0,"备注":" ","资料来":" ","tem":6.2789200000000003,"slope_slop":3.9791099999999999,"slope":32.072299999999998,"rainfall":1000.47,"ndvi":0.64676500000000003,"lith":3,"dem_final":1741,"aspect":180.61600000000001,"hd":158.03800000000001}},{"type":"Feature","id":139,"geometry":{"type":"Point","coordinates":[95.281856000000005,29.831443]},"properties":{"FID":139,"新编号":"NSL-147","市_州_":"林芝","县_市_":"墨脱","乡镇":"甘登乡","名称":"甘登乡多卡村泥石流","位置":" ","日期":" ","具体时":" ","经度_小":95.281856000000005,"纬度_小":29.831443,"类型":"沟谷型","灾害类":"冰川型泥石流","灾害性":" ","F_级水":"雅鲁藏布","F_级水_1":" ","F_级水_2":" ","流域面":66,"冰川平":23.399999999999999,"冰川面":2952594.7000000002,"F21":" ","冰川_1":0.044735999999999998,"流量_m":1157.1300000000001,"一次固":79.047740000000005,"规模等":"特大型","地形地":"峡谷","相对河":"左岸","主沟长":12.6,"沟口高":1164,"最大高":5373,"高差_m":4209,"平均比":334.047619,"泥石流":"有","堆积扇":571.85000000000002,"堆积_1":136.72,"堆积_12":69138,"堆积扇_":0.0010480000000000001,"是否堵":" ","受灾人":" ","死亡_人":" ","失踪_人":" ","受伤_人":" ","直接经":0,"威胁人":0,"威胁财":0,"备注":" ","资料来":"扎木弄沟地质灾害调查与危险性评价","tem":5.96401,"slope_slop":4.2620800000000001,"slope":38.387999999999998,"rainfall":1058.8199999999999,"ndvi":0.54679599999999995,"lith":3,"dem_final":1159,"aspect":168.39500000000001,"hd":190.68299999999999}},{"type":"Feature","id":140,"geometry":{"type":"Point","coordinates":[95.295912000000001,29.793742999999999]},"properties":{"FID":140,"新编号":"NSL-148","市_州_":"林芝","县_市_":"墨脱","乡镇":"甘登乡","名称":"甘登乡呷巴村泥石流","位置":" ","日期":" ","具体时":" ","经度_小":95.295912000000001,"纬度_小":29.793742999999999,"类型":"沟谷型","灾害类":"冰川型泥石流","灾害性":" ","F_级水":"雅鲁藏布","F_级水_1":" ","F_级水_2":" ","流域面":50,"冰川平":26.33541,"冰川面":2121027,"F21":" ","冰川_1":0.042421,"流量_m":1032.607,"一次固":76.25103,"规模等":"特大型","地形地":"峡谷","相对河":"左岸","主沟长":10.699999999999999,"沟口高":1136,"最大高":4968,"高差_m":3832,"平均比":358.13084099999998,"泥石流":"有","堆积扇":294.64999999999998,"堆积_1":61.619999999999997,"堆积_12":24419,"堆积扇_":0.00048799999999999999,"是否堵":" ","受灾人":" ","死亡_人":" ","失踪_人":" ","受伤_人":" ","直接经":0,"威胁人":0,"威胁财":0,"备注":" ","资料来":"扎木弄沟地质灾害调查与危险性评价","tem":6.1523500000000002,"slope_slop":3.14839,"slope":31.709900000000001,"rainfall":1187.72,"ndvi":0.67408699999999999,"lith":3,"dem_final":1105,"aspect":105.38,"hd":131.352}},{"type":"Feature","id":141,"geometry":{"type":"Point","coordinates":[95.296344000000005,29.789141999999998]},"properties":{"FID":141,"新编号":"NSL-149","市_州_":"林芝","县_市_":"墨脱","乡镇":"甘登乡","名称":"甘登乡果登村1#泥石流","位置":" ","日期":" ","具体时":" ","经度_小":95.296344000000005,"纬度_小":29.789141999999998,"类型":"沟谷型","灾害类":"冰川型泥石流","灾害性":" ","F_级水":"雅鲁藏布","F_级水_1":" ","F_级水_2":" ","流域面":8.9100000000000001,"冰川平":26.199999999999999,"冰川面":1557942,"F21":" ","冰川_1":0,"流量_m":274.32040000000001,"一次固":10.238950000000001,"规模等":"特大型","地形地":"峡谷","相对河":"右岸","主沟长":6.0999999999999996,"沟口高":1147,"最大高":3817,"高差_m":2670,"平均比":437.70491800000002,"泥石流":"无","堆积扇":0,"堆积_1":0,"堆积_12":0,"堆积扇_":0,"是否堵":" ","受灾人":" ","死亡_人":" ","失踪_人":" ","受伤_人":" ","直接经":0,"威胁人":0,"威胁财":0,"备注":" ","资料来":" ","tem":6.1523500000000002,"slope_slop":3.14839,"slope":31.709900000000001,"rainfall":1187.72,"ndvi":0.67408699999999999,"lith":3,"dem_final":1128,"aspect":105.38,"hd":131.352}},{"type":"Feature","id":142,"geometry":{"type":"Point","coordinates":[95.303507999999994,29.731535999999998]},"properties":{"FID":142,"新编号":"NSL-150","市_州_":"林芝","县_市_":"墨脱","乡镇":"甘登乡","名称":"甘登乡菊汤蒙村对岸泥石流","位置":" ","日期":" ","具体时":" ","经度_小":95.303507999999994,"纬度_小":29.731535999999998,"类型":"沟谷型","灾害类":"暴雨型泥石流","灾害性":" ","F_级水":"雅鲁藏布","F_级水_1":" ","F_级水_2":" ","流域面":5.54,"冰川平":0,"冰川面":0,"F21":" ","冰川_1":0,"流量_m":160.0369,"一次固":5.4663469999999998,"规模等":"大型","地形地":"峡谷","相对河":"右岸","主沟长":4.2199999999999998,"沟口高":1095,"最大高":3412,"高差_m":2317,"平均比":549.05213300000003,"泥石流":"无","堆积扇":0,"堆积_1":0,"堆积_12":0,"堆积扇_":0,"是否堵":" ","受灾人":" ","死亡_人":" ","失踪_人":" ","受伤_人":" ","直接经":0,"威胁人":0,"威胁财":0,"备注":" ","资料来":"扎木弄沟地质灾害调查与危险性评价","tem":6.5587900000000001,"slope_slop":2.7558699999999998,"slope":32.625,"rainfall":884.32299999999998,"ndvi":0.59934799999999999,"lith":3,"dem_final":1239,"aspect":118.23999999999999,"hd":147.93799999999999}},{"type":"Feature","id":143,"geometry":{"type":"Point","coordinates":[95.319494000000006,29.702686]},"properties":{"FID":143,"新编号":"NSL-151","市_州_":"林芝","县_市_":"墨脱","乡镇":"甘登乡","名称":"甘登乡1#泥石流","位置":" ","日期":" ","具体时":" ","经度_小":95.319494000000006,"纬度_小":29.702686,"类型":"沟谷型","灾害类":"冰川型泥石流","灾害性":" ","F_级水":"雅鲁藏布","F_级水_1":" ","F_级水_2":" ","流域面":35.399999999999999,"冰川平":14,"冰川面":6597226,"F21":" ","冰川_1":0.186362,"流量_m":912.19269999999995,"一次固":58.16433,"规模等":"特大型","地形地":"峡谷","相对河":"右岸","主沟长":10.5,"沟口高":1085,"最大高":4463,"高差_m":3378,"平均比":321.71428600000002,"泥石流":"无","堆积扇":0,"堆积_1":0,"堆积_12":0,"堆积扇_":0,"是否堵":" ","受灾人":" ","死亡_人":" ","失踪_人":" ","受伤_人":" ","直接经":0,"威胁人":0,"威胁财":0,"备注":" ","资料来":"扎木弄沟地质灾害调查与危险性评价","tem":6.6532499999999999,"slope_slop":3.78241,"slope":36.862299999999998,"rainfall":925.53499999999997,"ndvi":0.57031500000000002,"lith":3,"dem_final":1317,"aspect":214.91300000000001,"hd":186.71100000000001}},{"type":"Feature","id":144,"geometry":{"type":"Point","coordinates":[95.363163999999998,29.698471000000001]},"properties":{"FID":144,"新编号":"NSL-152","市_州_":"林芝","县_市_":"墨脱","乡镇":"加热萨乡","名称":"加热萨乡巴隆藏布泥石流","位置":" ","日期":" ","具体时":" ","经度_小":95.363163999999998,"纬度_小":29.698471000000001,"类型":"沟谷型","灾害类":"冰川型泥石流","灾害性":" ","F_级水":"雅鲁藏布","F_级水_1":" ","F_级水_2":" ","流域面":88.299999999999997,"冰川平":15.5,"冰川面":5463678,"F21":" ","冰川_1":0.061876,"流量_m":740.13530000000003,"一次固":48.173929999999999,"规模等":"特大型","地形地":"峡谷","相对河":"左岸","主沟长":18.899999999999999,"沟口高":1063,"最大高":4679,"高差_m":3616,"平均比":191.32275100000001,"泥石流":"无","堆积扇":0,"堆积_1":0,"堆积_12":0,"堆积扇_":0,"是否堵":" ","受灾人":" ","死亡_人":" ","失踪_人":" ","受伤_人":" ","直接经":0,"威胁人":0,"威胁财":0,"备注":" ","资料来":"扎木弄沟地质灾害调查与危险性评价","tem":6.1387099999999997,"slope_slop":3.5860099999999999,"slope":35.679600000000001,"rainfall":1379.72,"ndvi":0.68252500000000005,"lith":3,"dem_final":988,"aspect":124.59699999999999,"hd":154.702}},{"type":"Feature","id":145,"geometry":{"type":"Point","coordinates":[95.380675999999994,29.668330999999998]},"properties":{"FID":145,"新编号":"NSL-153","市_州_":"林芝","县_市_":"墨脱","乡镇":"加热萨乡","名称":"加热萨乡隆当曲泥石流","位置":" ","日期":" ","具体时":" ","经度_小":95.380675999999994,"纬度_小":29.668330999999998,"类型":"沟谷型","灾害类":"暴雨型泥石流","灾害性":" ","F_级水":"雅鲁藏布","F_级水_1":" ","F_级水_2":" ","流域面":29.5,"冰川平":0,"冰川面":0,"F21":" ","冰川_1":0,"流量_m":708.65030000000002,"一次固":35.879249999999999,"规模等":"特大型","地形地":"峡谷","相对河":"左岸","主沟长":8.2400000000000002,"沟口高":1062,"最大高":4287,"高差_m":3225,"平均比":391.38349499999998,"泥石流":"无","堆积扇":0,"堆积_1":0,"堆积_12":0,"堆积扇_":0,"是否堵":" ","受灾人":" ","死亡_人":" ","失踪_人":" ","受伤_人":" ","直接经":0,"威胁人":0,"威胁财":0,"备注":" ","资料来":"扎木弄沟地质灾害调查与危险性评价","tem":6.04589,"slope_slop":2.9592800000000001,"slope":35.9923,"rainfall":1163.75,"ndvi":0.71664000000000005,"lith":3,"dem_final":970,"aspect":231.61099999999999,"hd":164.59700000000001}},{"type":"Feature","id":146,"geometry":{"type":"Point","coordinates":[95.646666999999994,29.726389000000001]},"properties":{"FID":146,"新编号":"NSL-154","市_州_":"林芝","县_市_":"墨脱","乡镇":"达木乡","名称":"达木乡50K泥石流","位置":"西藏自治区墨脱县达木乡贡日村","日期":" ","具体时":" ","经度_小":95.646666999999994,"纬度_小":29.726389000000001,"类型":"沟谷型","灾害类":"冰川型泥石流","灾害性":"泥石流","F_级水":"雅鲁藏布","F_级水_1":"嘎弄曲","F_级水_2":" ","流域面":15.5,"冰川平":25.300000000000001,"冰川面":3016366,"F21":" ","冰川_1":0.194604,"流量_m":518.3433,"一次固":29.020589999999999,"规模等":"特大型","地形地":"峡谷","相对河":"右岸","主沟长":6,"沟口高":3308,"最大高":5449,"高差_m":2141,"平均比":356.83333299999998,"泥石流":"有","堆积扇":1704.3099999999999,"堆积_1":1087.51,"堆积_12":740371,"堆积扇_":0.047766000000000003,"是否堵":" ","受灾人":" ","死亡_人":" ","失踪_人":" ","受伤_人":" ","直接经":0,"威胁人":0,"威胁财":20,"备注":" ","资料来":"墨脱县","tem":4.0971900000000003,"slope_slop":2.6889099999999999,"slope":29.233599999999999,"rainfall":766.42999999999995,"ndvi":0.29193000000000002,"lith":3,"dem_final":3212,"aspect":245.82599999999999,"hd":123.71899999999999}},{"type":"Feature","id":147,"geometry":{"type":"Point","coordinates":[95.553336000000002,29.690258]},"properties":{"FID":147,"新编号":"NSL-155","市_州_":"林芝","县_市_":"墨脱","乡镇":"达木乡","名称":"达木乡日崩泥石流","位置":"西藏自治区墨脱县达木乡贡日村","日期":" ","具体时":" ","经度_小":95.553336000000002,"纬度_小":29.690258,"类型":"沟谷型","灾害类":"冰川型泥石流","灾害性":"水石流","F_级水":"雅鲁藏布","F_级水_1":"嘎弄曲","F_级水_2":" ","流域面":12.5,"冰川平":27.248467000000002,"冰川面":1402827,"F21":" ","冰川_1":0.11222600000000001,"流量_m":426.79090000000002,"一次固":24.411069999999999,"规模等":"特大型","地形地":"峡谷","相对河":"右岸","主沟长":4.3099999999999996,"沟口高":2799,"最大高":4383,"高差_m":1584,"平均比":367.51740100000001,"泥石流":"有","堆积扇":1181.9100000000001,"堆积_1":680.05999999999995,"堆积_12":449950,"堆积扇_":0.035996,"是否堵":" ","受灾人":" ","死亡_人":" ","失踪_人":" ","受伤_人":" ","直接经":0,"威胁人":0,"威胁财":2,"备注":" ","资料来":"墨脱县","tem":5.5485300000000004,"slope_slop":3.0294099999999999,"slope":30.273399999999999,"rainfall":742.19399999999996,"ndvi":0.169983,"lith":3,"dem_final":2797,"aspect":211.72900000000001,"hd":138.917}},{"type":"Feature","id":148,"geometry":{"type":"Point","coordinates":[95.483610999999996,29.645278000000001]},"properties":{"FID":148,"新编号":"NSL-156","市_州_":"林芝","县_市_":"墨脱","乡镇":"达木乡","名称":"达木乡82KⅠ号泥石流","位置":"西藏自治区墨脱县达木乡贡日村","日期":" ","具体时":" ","经度_小":95.483610999999996,"纬度_小":29.645278000000001,"类型":"沟谷型","灾害类":"冰川型泥石流","灾害性":"水石流","F_级水":"雅鲁藏布","F_级水_1":"嘎弄曲","F_级水_2":" ","流域面":9.5899999999999999,"冰川平":28.678659,"冰川面":210941,"F21":" ","冰川_1":0.021996000000000002,"流量_m":209.64840000000001,"一次固":7.9941430000000002,"规模等":"特大型","地形地":"峡谷","相对河":"右岸","主沟长":5.9800000000000004,"沟口高":1846,"最大高":3883,"高差_m":2037,"平均比":340.63545199999999,"泥石流":"无","堆积扇":0,"堆积_1":0,"堆积_12":0,"堆积扇_":0,"是否堵":" ","受灾人":" ","死亡_人":" ","失踪_人":" ","受伤_人":" ","直接经":0,"威胁人":0,"威胁财":3,"备注":" ","资料来":"墨脱县","tem":5.8915699999999998,"slope_slop":3.2364899999999999,"slope":33.601100000000002,"rainfall":837.69299999999998,"ndvi":0.399009,"lith":3,"dem_final":1853,"aspect":135.22800000000001,"hd":154.99600000000001}},{"type":"Feature","id":149,"geometry":{"type":"Point","coordinates":[95.466466999999994,29.585785999999999]},"properties":{"FID":149,"新编号":"NSL-157","市_州_":"林芝","县_市_":"墨脱","乡镇":"达木乡","名称":"达木乡贡日村泥石流","位置":"西藏自治区墨脱县达木乡贡日村","日期":" ","具体时":" ","经度_小":95.466466999999994,"纬度_小":29.585785999999999,"类型":"沟谷型","灾害类":"暴雨型泥石流","灾害性":"水石流","F_级水":"雅鲁藏布","F_级水_1":"嘎龙藏布","F_级水_2":" ","流域面":5.0999999999999996,"冰川平":0,"冰川面":0,"F21":" ","冰川_1":0,"流量_m":186.14670000000001,"一次固":7.1730499999999999,"规模等":"大型","地形地":"峡谷","相对河":"左岸","主沟长":3.1699999999999999,"沟口高":1466,"最大高":3143,"高差_m":1677,"平均比":529.02208199999995,"泥石流":"无","堆积扇":0,"堆积_1":0,"堆积_12":0,"堆积扇_":0,"是否堵":" ","受灾人":" ","死亡_人":" ","失踪_人":" ","受伤_人":" ","直接经":1.5,"威胁人":0,"威胁财":4,"备注":" ","资料来":"墨脱县","tem":6.5025000000000004,"slope_slop":2.7113299999999998,"slope":31.0549,"rainfall":1030.78,"ndvi":0.66175600000000001,"lith":3,"dem_final":1519,"aspect":130.86000000000001,"hd":139.964}},{"type":"Feature","id":150,"geometry":{"type":"Point","coordinates":[95.679772999999997,29.445394]},"properties":{"FID":150,"新编号":"NSL-158","市_州_":"林芝","县_市_":"墨脱","乡镇":"格当乡","名称":"格当乡格当村泥石流","位置":"西藏自治区墨脱县格当乡格当村","日期":" ","具体时":" ","经度_小":95.679772999999997,"纬度_小":29.445394,"类型":"沟谷型","灾害类":"暴雨型泥石流","灾害性":"泥石流","F_级水":"雅鲁藏布","F_级水_1":"金珠河","F_级水_2":" ","流域面":18.699999999999999,"冰川平":0,"冰川面":0,"F21":" ","冰川_1":0,"流量_m":450.57920000000001,"一次固":25.77169,"规模等":"特大型","地形地":"峡谷","相对河":"右岸","主沟长":7.8600000000000003,"沟口高":1951,"最大高":4649,"高差_m":2698,"平均比":343.25699700000001,"泥石流":"有","堆积扇":131.78,"堆积_1":403.69999999999999,"堆积_12":32000,"堆积扇_":0.0017110000000000001,"是否堵":" ","受灾人":" ","死亡_人":" ","失踪_人":" ","受伤_人":" ","直接经":0,"威胁人":49,"威胁财":770,"备注":" ","资料来":"墨脱县","tem":5.9356600000000004,"slope_slop":2.9883000000000002,"slope":32.713000000000001,"rainfall":851.87300000000005,"ndvi":0.35464699999999999,"lith":3,"dem_final":1963,"aspect":163.304,"hd":149.42500000000001}},{"type":"Feature","id":151,"geometry":{"type":"Point","coordinates":[95.442502000000005,29.4651]},"properties":{"FID":151,"新编号":"NSL-159","市_州_":"林芝","县_市_":"墨脱","乡镇":"达木乡","名称":"达木乡冷多村弓爱泥石流","位置":" ","日期":" ","具体时":" ","经度_小":95.442502000000005,"纬度_小":29.4651,"类型":"沟谷型","灾害类":"暴雨型泥石流","灾害性":" ","F_级水":"雅鲁藏布","F_级水_1":" ","F_级水_2":" ","流域面":14,"冰川平":0,"冰川面":0,"F21":" ","冰川_1":0,"流量_m":411.44979999999998,"一次固":20.33418,"规模等":"特大型","地形地":"过渡段","相对河":"左岸","主沟长":5.2599999999999998,"沟口高":873,"最大高":3834,"高差_m":2961,"平均比":562.92775700000004,"泥石流":"无","堆积扇":0,"堆积_1":0,"堆积_12":0,"堆积扇_":0,"是否堵":" ","受灾人":" ","死亡_人":" ","失踪_人":" ","受伤_人":" ","直接经":0,"威胁人":0,"威胁财":0,"备注":" ","资料来":"扎木弄沟地质灾害调查与危险性评价","tem":7.0214400000000001,"slope_slop":2.9464399999999999,"slope":24.096399999999999,"rainfall":1567.24,"ndvi":0.74833099999999997,"lith":3,"dem_final":799,"aspect":263.52499999999998,"hd":105.73099999999999}},{"type":"Feature","id":152,"geometry":{"type":"Point","coordinates":[95.407222000000004,29.439444000000002]},"properties":{"FID":152,"新编号":"NSL-160","市_州_":"林芝","县_市_":"墨脱","乡镇":"墨脱镇","名称":"墨脱镇海热沟泥石流","位置":"西藏自治区墨脱县墨脱镇","日期":" ","具体时":" ","经度_小":95.407222000000004,"纬度_小":29.439444000000002,"类型":"沟谷型","灾害类":"暴雨型泥石流","灾害性":"泥石流","F_级水":"雅鲁藏布","F_级水_1":" ","F_级水_2":" ","流域面":49.700000000000003,"冰川平":0,"冰川面":0,"F21":" ","冰川_1":0,"流量_m":509.45859999999999,"一次固":28.83128,"规模等":"特大型","地形地":"过渡段","相对河":"左岸","主沟长":17.199999999999999,"沟口高":794,"最大高":4274,"高差_m":3480,"平均比":202.325581,"泥石流":"有","堆积扇":350.44999999999999,"堆积_1":140.15000000000001,"堆积_12":22243,"堆积扇_":0.00044799999999999999,"是否堵":" ","受灾人":" ","死亡_人":" ","失踪_人":" ","受伤_人":" ","直接经":0,"威胁人":0,"威胁财":20,"备注":" ","资料来":"墨脱县","tem":7.3546500000000004,"slope_slop":3.06908,"slope":31.313600000000001,"rainfall":1475.3,"ndvi":0.73186200000000001,"lith":3,"dem_final":772,"aspect":173.08199999999999,"hd":139.25399999999999}},{"type":"Feature","id":153,"geometry":{"type":"Point","coordinates":[95.405556000000004,29.418056]},"properties":{"FID":153,"新编号":"NSL-161","市_州_":"林芝","县_市_":"墨脱","乡镇":"墨脱镇","名称":"墨脱镇米日沟泥石流","位置":"西藏自治区墨脱县墨脱镇米日村","日期":" ","具体时":" ","经度_小":95.405556000000004,"纬度_小":29.418056,"类型":"沟谷型","灾害类":"暴雨型泥石流","灾害性":"泥石流","F_级水":"雅鲁藏布","F_级水_1":" ","F_级水_2":" ","流域面":3.6600000000000001,"冰川平":0,"冰川面":0,"F21":" ","冰川_1":0,"流量_m":111.8485,"一次固":3.7752880000000002,"规模等":"大型","地形地":"过渡段","相对河":"左岸","主沟长":3.4100000000000001,"沟口高":863,"最大高":2787,"高差_m":1924,"平均比":564.22287400000005,"泥石流":"无","堆积扇":0,"堆积_1":0,"堆积_12":0,"堆积扇_":0,"是否堵":" ","受灾人":" ","死亡_人":" ","失踪_人":" ","受伤_人":" ","直接经":0,"威胁人":9,"威胁财":10,"备注":" ","资料来":"墨脱县","tem":7.0587299999999997,"slope_slop":2.6355400000000002,"slope":33.607700000000001,"rainfall":1280.1700000000001,"ndvi":0.75182400000000005,"lith":2,"dem_final":831,"aspect":299.74000000000001,"hd":154.125}},{"type":"Feature","id":154,"geometry":{"type":"Point","coordinates":[95.376886999999996,29.408629999999999]},"properties":{"FID":154,"新编号":"NSL-162","市_州_":"林芝","县_市_":"墨脱","乡镇":"德兴乡","名称":"德兴乡德果村阿龙泥石流","位置":" ","日期":" ","具体时":" ","经度_小":95.376886999999996,"纬度_小":29.408629999999999,"类型":"沟谷型","灾害类":"暴雨型泥石流","灾害性":" ","F_级水":"雅鲁藏布","F_级水_1":" ","F_级水_2":" ","流域面":8.9900000000000002,"冰川平":0,"冰川面":0,"F21":" ","冰川_1":0,"流量_m":166.17179999999999,"一次固":5.5418950000000002,"规模等":"大型","地形地":"过渡段","相对河":"右岸","主沟长":8.4499999999999993,"沟口高":775,"最大高":3708,"高差_m":2933,"平均比":347.10059200000001,"泥石流":"有","堆积扇":56.630000000000003,"堆积_1":50.789999999999999,"堆积_12":1619,"堆积扇_":0.00018000000000000001,"是否堵":" ","受灾人":" ","死亡_人":" ","失踪_人":" ","受伤_人":" ","直接经":0,"威胁人":0,"威胁财":0,"备注":" ","资料来":"扎木弄沟地质灾害调查与危险性评价","tem":7.2257400000000001,"slope_slop":2.5648200000000001,"slope":31.2058,"rainfall":1531.5699999999999,"ndvi":0.74432299999999996,"lith":3,"dem_final":729,"aspect":232.16200000000001,"hd":133.041}},{"type":"Feature","id":155,"geometry":{"type":"Point","coordinates":[95.362914000000004,29.391981000000001]},"properties":{"FID":155,"新编号":"NSL-163","市_州_":"林芝","县_市_":"墨脱","乡镇":"德兴乡","名称":"德兴乡黑果荣泥石流","位置":" ","日期":" ","具体时":" ","经度_小":95.362914000000004,"纬度_小":29.391981000000001,"类型":"沟谷型","灾害类":"暴雨型泥石流","灾害性":" ","F_级水":"雅鲁藏布","F_级水_1":" ","F_级水_2":" ","流域面":32.899999999999999,"冰川平":0,"冰川面":0,"F21":" ","冰川_1":0,"流量_m":723.26670000000001,"一次固":33.11983,"规模等":"特大型","地形地":"过渡段","相对河":"右岸","主沟长":8.8100000000000005,"沟口高":784,"最大高":3830,"高差_m":3046,"平均比":345.74347299999999,"泥石流":"无","堆积扇":0,"堆积_1":0,"堆积_12":0,"堆积扇_":0,"是否堵":" ","受灾人":" ","死亡_人":" ","失踪_人":" ","受伤_人":" ","直接经":0,"威胁人":0,"威胁财":0,"备注":" ","资料来":"扎木弄沟地质灾害调查与危险性评价","tem":7.2916699999999999,"slope_slop":2.7155999999999998,"slope":28.721,"rainfall":1584.1900000000001,"ndvi":0.74106499999999997,"lith":3,"dem_final":745,"aspect":202.82300000000001,"hd":122.15600000000001}},{"type":"Feature","id":156,"geometry":{"type":"Point","coordinates":[95.299436,29.320581000000001]},"properties":{"FID":156,"新编号":"NSL-164","市_州_":"林芝","县_市_":"墨脱","乡镇":"墨脱镇","名称":"墨脱镇香哥隆泥石流","位置":" ","日期":" ","具体时":" ","经度_小":95.299436,"纬度_小":29.320581000000001,"类型":"沟谷型","灾害类":"暴雨型泥石流","灾害性":" ","F_级水":"雅鲁藏布","F_级水_1":" ","F_级水_2":" ","流域面":7.3899999999999997,"冰川平":0,"冰川面":0,"F21":" ","冰川_1":0,"流量_m":191.0958,"一次固":6.8354189999999999,"规模等":"大型","地形地":"过渡段","相对河":"左岸","主沟长":4.8899999999999997,"沟口高":749,"最大高":2380,"高差_m":1631,"平均比":333.53783199999998,"泥石流":"有","堆积扇":797.88,"堆积_1":310.31,"堆积_12":118345,"堆积扇_":0.016014,"是否堵":" ","受灾人":" ","死亡_人":" ","失踪_人":" ","受伤_人":" ","直接经":0,"威胁人":0,"威胁财":0,"备注":" ","资料来":"扎木弄沟地质灾害调查与危险性评价","tem":7.65496,"slope_slop":3.4652400000000001,"slope":28.317399999999999,"rainfall":1486.6400000000001,"ndvi":0.80825000000000002,"lith":3,"dem_final":708,"aspect":204.29499999999999,"hd":123.599}},{"type":"Feature","id":157,"geometry":{"type":"Point","coordinates":[95.280344999999997,29.30228]},"properties":{"FID":157,"新编号":"NSL-165","市_州_":"林芝","县_市_":"墨脱","乡镇":"德兴乡","名称":"德兴乡亚让村泥石流","位置":" ","日期":" ","具体时":" ","经度_小":95.280344999999997,"纬度_小":29.30228,"类型":"沟谷型","灾害类":"冰川型泥石流","灾害性":" ","F_级水":"雅鲁藏布","F_级水_1":" ","F_级水_2":" ","流域面":98,"冰川平":20.899999999999999,"冰川面":5088228,"F21":" ","冰川_1":0.051921000000000002,"流量_m":844.98209999999995,"一次固":55.679589999999997,"规模等":"特大型","地形地":"过渡段","相对河":"左岸","主沟长":19.800000000000001,"沟口高":774,"最大高":4138,"高差_m":3364,"平均比":169.89899,"泥石流":"有","堆积扇":1594.4400000000001,"堆积_1":455.82999999999998,"堆积_12":536077,"堆积扇_":0.00547,"是否堵":" ","受灾人":" ","死亡_人":" ","失踪_人":" ","受伤_人":" ","直接经":0,"威胁人":0,"威胁财":0,"备注":" ","资料来":"扎木弄沟地质灾害调查与危险性评价","tem":7.7639300000000002,"slope_slop":2.8220200000000002,"slope":28.474900000000002,"rainfall":1571.47,"ndvi":0.76064299999999996,"lith":4,"dem_final":681,"aspect":224.5,"hd":127.55500000000001}},{"type":"Feature","id":158,"geometry":{"type":"Point","coordinates":[95.195526999999998,29.253952000000002]},"properties":{"FID":158,"新编号":"NSL-166","市_州_":"林芝","县_市_":"墨脱","乡镇":"背崩乡","名称":"背崩乡1#泥石流","位置":" ","日期":" ","具体时":" ","经度_小":95.195526999999998,"纬度_小":29.253952000000002,"类型":"沟谷型","灾害类":"暴雨型泥石流","灾害性":" ","F_级水":"雅鲁藏布","F_级水_1":" ","F_级水_2":" ","流域面":3.8599999999999999,"冰川平":0,"冰川面":0,"F21":" ","冰川_1":0,"流量_m":124.35760000000001,"一次固":4.4983630000000003,"规模等":"大型","地形地":"过渡段","相对河":"左岸","主沟长":3.1299999999999999,"沟口高":751,"最大高":2125,"高差_m":1374,"平均比":438.97763600000002,"泥石流":"有","堆积扇":397.10000000000002,"堆积_1":440.50999999999999,"堆积_12":143912,"堆积扇_":0.037282999999999997,"是否堵":" ","受灾人":" ","死亡_人":" ","失踪_人":" ","受伤_人":" ","直接经":0,"威胁人":0,"威胁财":0,"备注":" ","资料来":"扎木弄沟地质灾害调查与危险性评价","tem":7.9082499999999998,"slope_slop":2.8832800000000001,"slope":30.195499999999999,"rainfall":1542.55,"ndvi":0.78293999999999997,"lith":3,"dem_final":686,"aspect":221.047,"hd":135.905}},{"type":"Feature","id":159,"geometry":{"type":"Point","coordinates":[95.125467,29.225897]},"properties":{"FID":159,"新编号":"NSL-167","市_州_":"林芝","县_市_":"墨脱","乡镇":"背崩乡","名称":"背崩乡格西曲泥石流","位置":" ","日期":" ","具体时":" ","经度_小":95.125467,"纬度_小":29.225897,"类型":"沟谷型","灾害类":"暴雨型泥石流","灾害性":" ","F_级水":"雅鲁藏布","F_级水_1":" ","F_级水_2":" ","流域面":22.699999999999999,"冰川平":0,"冰川面":0,"F21":" ","冰川_1":0,"流量_m":434.64850000000001,"一次固":19.90343,"规模等":"特大型","地形地":"过渡段","相对河":"右岸","主沟长":9.5299999999999994,"沟口高":688,"最大高":3604,"高差_m":2916,"平均比":305.981112,"泥石流":"无","堆积扇":0,"堆积_1":0,"堆积_12":0,"堆积扇_":0,"是否堵":" ","受灾人":" ","死亡_人":" ","失踪_人":" ","受伤_人":" ","直接经":0,"威胁人":0,"威胁财":0,"备注":" ","资料来":"扎木弄沟地质灾害调查与危险性评价","tem":8.3606300000000005,"slope_slop":3.40421,"slope":33.695900000000002,"rainfall":1201.3,"ndvi":0.60702800000000001,"lith":4,"dem_final":699,"aspect":152.447,"hd":156.05600000000001}},{"type":"Feature","id":160,"geometry":{"type":"Point","coordinates":[95.090457999999998,29.212903000000001]},"properties":{"FID":160,"新编号":"NSL-168","市_州_":"林芝","县_市_":"墨脱","乡镇":"背崩乡","名称":"地东村泥石流","位置":" ","日期":" ","具体时":" ","经度_小":95.090457999999998,"纬度_小":29.212903000000001,"类型":"沟谷型","灾害类":"暴雨型泥石流","灾害性":" ","F_级水":"雅鲁藏布","F_级水_1":" ","F_级水_2":" ","流域面":11.699999999999999,"冰川平":0,"冰川面":0,"F21":" ","冰川_1":0,"流量_m":283.0924,"一次固":12.278510000000001,"规模等":"特大型","地形地":"过渡段","相对河":"右岸","主沟长":5.9199999999999999,"沟口高":724,"最大高":3471,"高差_m":2747,"平均比":464.02026999999998,"泥石流":"无","堆积扇":0,"堆积_1":0,"堆积_12":0,"堆积扇_":0,"是否堵":" ","受灾人":" ","死亡_人":" ","失踪_人":" ","受伤_人":" ","直接经":0,"威胁人":0,"威胁财":0,"备注":" ","资料来":"扎木弄沟地质灾害调查与危险性评价","tem":8.1444100000000006,"slope_slop":3.2112500000000002,"slope":35.382899999999999,"rainfall":1375.23,"ndvi":0.70414900000000002,"lith":4,"dem_final":678,"aspect":142.05799999999999,"hd":163.358}},{"type":"Feature","id":161,"geometry":{"type":"Point","coordinates":[95.052927999999994,29.186388999999998]},"properties":{"FID":161,"新编号":"NSL-169","市_州_":"林芝","县_市_":"墨脱","乡镇":"背崩乡","名称":"背崩乡白马西河泥石流","位置":" ","日期":" ","具体时":" ","经度_小":95.052927999999994,"纬度_小":29.186388999999998,"类型":"沟谷型","灾害类":"冰川型泥石流","灾害性":"水石流","F_级水":"雅鲁藏布","F_级水_1":" ","F_级水_2":" ","流域面":113,"冰川平":20.600000000000001,"冰川面":941579,"F21":" ","冰川_1":0.0083330000000000001,"流量_m":1194.6500000000001,"一次固":71.013840000000002,"规模等":"特大型","地形地":"过渡段","相对河":"右岸","主沟长":18.899999999999999,"沟口高":633,"最大高":4159,"高差_m":3526,"平均比":186.560847,"泥石流":"无","堆积扇":0,"堆积_1":0,"堆积_12":0,"堆积扇_":0,"是否堵":" ","受灾人":" ","死亡_人":" ","失踪_人":" ","受伤_人":" ","直接经":0,"威胁人":0,"威胁财":0,"备注":" ","资料来":"扎木弄沟地质灾害调查与危险性评价","tem":7.7327000000000004,"slope_slop":3.2288199999999998,"slope":33.811599999999999,"rainfall":1595.54,"ndvi":0.77094499999999999,"lith":3,"dem_final":649,"aspect":164.864,"hd":152.49700000000001}},{"type":"Feature","id":162,"geometry":{"type":"Point","coordinates":[95.002713999999997,29.181833000000001]},"properties":{"FID":162,"新编号":"NSL-170","市_州_":"林芝","县_市_":"墨脱","乡镇":"背崩乡","名称":"背崩乡3#泥石流","位置":" ","日期":" ","具体时":" ","经度_小":95.002713999999997,"纬度_小":29.181833000000001,"类型":"沟谷型","灾害类":"冰川型泥石流","灾害性":" ","F_级水":"雅鲁藏布","F_级水_1":" ","F_级水_2":" ","流域面":27.699999999999999,"冰川平":26.899999999999999,"冰川面":955741,"F21":" ","冰川_1":0.034502999999999999,"流量_m":458.44670000000002,"一次固":21.27046,"规模等":"特大型","地形地":"过渡段","相对河":"右岸","主沟长":10.5,"沟口高":615,"最大高":3927,"高差_m":3312,"平均比":315.42857099999998,"泥石流":"无","堆积扇":0,"堆积_1":0,"堆积_12":0,"堆积扇_":0,"是否堵":" ","受灾人":" ","死亡_人":" ","失踪_人":" ","受伤_人":" ","直接经":0,"威胁人":0,"威胁财":0,"备注":" ","资料来":"扎木弄沟地质灾害调查与危险性评价","tem":7.4935200000000002,"slope_slop":1.82254,"slope":12.4039,"rainfall":1989.5799999999999,"ndvi":0.55376899999999996,"lith":3,"dem_final":626,"aspect":185.49600000000001,"hd":44.416699999999999}}]}